calorias_diarias,proteina_g,carbohidratos_g,grasas_g
2484.1,186.3,248.4,82.8
1822.5,136.7,182.2,60.8
1859.7,139.5,186.0,62.0
2197.2,164.8,219.7,73.2
2864.9,214.9,286.5,95.5
3021.6,226.6,302.2,100.7
2594.9,194.6,259.5,86.5
2567.3,192.5,256.7,85.6
2231.1,167.3,223.1,74.4
2478.6,185.9,247.9,82.6
1923.2,144.2,192.3,64.1
2347.9,176.1,234.8,78.3
2593.1,194.5,259.3,86.4
2203.9,165.3,220.4,73.5
3201.6,240.1,320.2,106.7
3101.3,232.6,310.1,103.4
2577.1,193.3,257.7,85.9
2245.7,168.4,224.6,74.9
3072.5,230.4,307.2,102.4
3517.8,263.8,351.8,117.3
2822.9,211.7,282.3,94.1
1906.1,143.0,190.6,63.5
2282.5,171.2,228.2,76.1
1362.6,102.2,136.3,45.4
1640.7,123.0,164.1,54.7
3024.4,226.8,302.4,100.8
3132.8,235.0,313.3,104.4
3259.2,244.4,325.9,108.6
3295.2,247.1,329.5,109.8
1804.0,135.3,180.4,60.1
2395.8,179.7,239.6,79.9
1455.3,109.1,145.5,48.5
1470.4,110.3,147.0,49.0
2349.0,176.2,234.9,78.3
2260.0,169.5,226.0,75.3
1986.1,149.0,198.6,66.2
1478.9,110.9,147.9,49.3
1986.6,149.0,198.7,66.2
3065.8,229.9,306.6,102.2
2471.4,185.4,247.1,82.4
2108.4,158.1,210.8,70.3
2537.1,190.3,253.7,84.6
2308.4,173.1,230.8,76.9
1878.5,140.9,187.8,62.6
2359.1,176.9,235.9,78.6
2463.5,184.8,246.3,82.1
1763.6,132.3,176.4,58.8
2554.0,191.6,255.4,85.1
2160.5,162.0,216.0,72.0
1890.3,141.8,189.0,63.0
2601.2,195.1,260.1,86.7
2295.6,172.2,229.6,76.5
2390.4,179.3,239.0,79.7
2946.7,221.0,294.7,98.2
2382.5,178.7,238.3,79.4
1524.0,114.3,152.4,50.8
1904.6,142.8,190.5,63.5
3140.7,235.6,314.1,104.7
2830.3,212.3,283.0,94.3
2120.7,159.1,212.1,70.7
2121.8,159.1,212.2,70.7
2187.2,164.0,218.7,72.9
3320.0,249.0,332.0,110.7
2136.2,160.2,213.6,71.2
1764.1,132.3,176.4,58.8
2126.1,159.5,212.6,70.9
3258.8,244.4,325.9,108.6
1983.0,148.7,198.3,66.1
1779.5,133.5,178.0,59.3
2569.8,192.7,257.0,85.7
2877.5,215.8,287.7,95.9
2540.7,190.5,254.1,84.7
2309.5,173.2,231.0,77.0
1789.5,134.2,179.0,59.7
1997.3,149.8,199.7,66.6
1472.1,110.4,147.2,49.1
1800.4,135.0,180.0,60.0
3906.9,293.0,390.7,130.2
1936.6,145.2,193.7,64.6
2611.7,195.9,261.2,87.1
2470.8,185.3,247.1,82.4
3183.4,238.8,318.3,106.1
1612.5,120.9,161.2,53.8
1826.6,137.0,182.7,60.9
1475.3,110.7,147.5,49.2
1200.0,90.0,120.0,40.0
2309.6,173.2,231.0,77.0
3235.7,242.7,323.6,107.9
1630.4,122.3,163.0,54.3
1517.5,113.8,151.7,50.6
2577.7,193.3,257.8,85.9
2705.5,202.9,270.5,90.2
2076.4,155.7,207.6,69.2
1709.3,128.2,170.9,57.0
2207.8,165.6,220.8,73.6
1988.6,149.1,198.9,66.3
3775.3,283.2,377.5,125.8
2095.2,157.1,209.5,69.8
3357.1,251.8,335.7,111.9
2041.4,153.1,204.1,68.0
1659.3,124.4,165.9,55.3
2313.5,173.5,231.3,77.1
2367.3,177.5,236.7,78.9
1440.1,108.0,144.0,48.0
1967.8,147.6,196.8,65.6
2550.0,191.3,255.0,85.0
2075.7,155.7,207.6,69.2
2599.1,194.9,259.9,86.6
2531.7,189.9,253.2,84.4
2671.9,200.4,267.2,89.1
2422.9,181.7,242.3,80.8
2247.5,168.6,224.7,74.9
2690.2,201.8,269.0,89.7
2136.7,160.3,213.7,71.2
2491.7,186.9,249.2,83.1
2627.2,197.0,262.7,87.6
2315.1,173.6,231.5,77.2
2226.5,167.0,222.7,74.2
2575.2,193.1,257.5,85.8
1908.0,143.1,190.8,63.6
2058.4,154.4,205.8,68.6
2204.5,165.3,220.5,73.5
1714.0,128.6,171.4,57.1
3107.3,233.0,310.7,103.6
3119.7,234.0,312.0,104.0
2825.9,211.9,282.6,94.2
2420.9,181.6,242.1,80.7
2973.8,223.0,297.4,99.1
2337.1,175.3,233.7,77.9
2164.0,162.3,216.4,72.1
2512.4,188.4,251.2,83.7
2608.9,195.7,260.9,87.0
2920.8,219.1,292.1,97.4
3470.8,260.3,347.1,115.7
1967.1,147.5,196.7,65.6
2985.5,223.9,298.5,99.5
1974.5,148.1,197.4,65.8
1650.6,123.8,165.1,55.0
2856.8,214.3,285.7,95.2
2624.9,196.9,262.5,87.5
1530.0,114.8,153.0,51.0
2274.7,170.6,227.5,75.8
3445.3,258.4,344.5,114.8
1763.2,132.2,176.3,58.8
2208.6,165.6,220.9,73.6
2756.1,206.7,275.6,91.9
4177.9,313.3,417.8,139.3
2751.4,206.4,275.1,91.7
2432.7,182.5,243.3,81.1
1880.1,141.0,188.0,62.7
3498.1,262.4,349.8,116.6
3413.8,256.0,341.4,113.8
1781.8,133.6,178.2,59.4
2394.9,179.6,239.5,79.8
2351.2,176.3,235.1,78.4
3291.5,246.9,329.2,109.7
1825.8,136.9,182.6,60.9
2406.0,180.4,240.6,80.2
1200.0,90.0,120.0,40.0
2965.7,222.4,296.6,98.9
2528.8,189.7,252.9,84.3
2069.9,155.2,207.0,69.0
1523.7,114.3,152.4,50.8
2942.0,220.7,294.2,98.1
2322.2,174.2,232.2,77.4
2218.6,166.4,221.9,74.0
1263.4,94.8,126.3,42.1
1464.7,109.9,146.5,48.8
2326.9,174.5,232.7,77.6
2352.1,176.4,235.2,78.4
1959.5,147.0,195.9,65.3
2261.6,169.6,226.2,75.4
3022.4,226.7,302.2,100.7
2073.2,155.5,207.3,69.1
1826.5,137.0,182.7,60.9
2336.3,175.2,233.6,77.9
1200.0,90.0,120.0,40.0
1200.0,90.0,120.0,40.0
3523.4,264.3,352.3,117.4
3061.9,229.6,306.2,102.1
2325.4,174.4,232.5,77.5
3029.4,227.2,302.9,101.0
2957.9,221.8,295.8,98.6
2274.6,170.6,227.5,75.8
2001.0,150.1,200.1,66.7
2574.6,193.1,257.5,85.8
1448.9,108.7,144.9,48.3
3616.2,271.2,361.6,120.5
2066.8,155.0,206.7,68.9
3500.0,262.5,350.0,116.7
2571.8,192.9,257.2,85.7
2461.2,184.6,246.1,82.0
2342.5,175.7,234.3,78.1
2183.1,163.7,218.3,72.8
1898.0,142.3,189.8,63.3
2702.6,202.7,270.3,90.1
2525.4,189.4,252.5,84.2
2076.3,155.7,207.6,69.2
2802.3,210.2,280.2,93.4
2692.9,202.0,269.3,89.8
2581.1,193.6,258.1,86.0
1300.6,97.5,130.1,43.4
2327.9,174.6,232.8,77.6
1748.9,131.2,174.9,58.3
2963.8,222.3,296.4,98.8
2161.0,162.1,216.1,72.0
2674.0,200.6,267.4,89.1
2995.5,224.7,299.5,99.8
1704.2,127.8,170.4,56.8
1942.7,145.7,194.3,64.8
1319.5,99.0,131.9,44.0
2292.3,171.9,229.2,76.4
2670.9,200.3,267.1,89.0
2367.1,177.5,236.7,78.9
2631.5,197.4,263.2,87.7
2226.6,167.0,222.7,74.2
1902.3,142.7,190.2,63.4
2304.0,172.8,230.4,76.8
2516.8,188.8,251.7,83.9
2726.3,204.5,272.6,90.9
2295.9,172.2,229.6,76.5
2856.4,214.2,285.6,95.2
3695.3,277.1,369.5,123.2
2085.8,156.4,208.6,69.5
2576.9,193.3,257.7,85.9
1478.2,110.9,147.8,49.3
1870.2,140.3,187.0,62.3
1990.0,149.2,199.0,66.3
2376.7,178.3,237.7,79.2
3220.0,241.5,322.0,107.3
2040.1,153.0,204.0,68.0
1610.8,120.8,161.1,53.7
2418.0,181.4,241.8,80.6
2278.5,170.9,227.9,76.0
2747.2,206.0,274.7,91.6
2947.4,221.1,294.7,98.2
3491.6,261.9,349.2,116.4
2863.7,214.8,286.4,95.5
3269.1,245.2,326.9,109.0
2243.8,168.3,224.4,74.8
2730.2,204.8,273.0,91.0
1667.5,125.1,166.7,55.6
2086.1,156.5,208.6,69.5
2752.6,206.4,275.3,91.8
3201.8,240.1,320.2,106.7
1825.0,136.9,182.5,60.8
1597.0,119.8,159.7,53.2
2538.8,190.4,253.9,84.6
2625.6,196.9,262.6,87.5
2308.9,173.2,230.9,77.0
1711.3,128.3,171.1,57.0
2086.6,156.5,208.7,69.6
1932.6,144.9,193.3,64.4
3065.6,229.9,306.6,102.2
2007.1,150.5,200.7,66.9
2746.9,206.0,274.7,91.6
2559.4,192.0,255.9,85.3
2692.3,201.9,269.2,89.7
1995.8,149.7,199.6,66.5
2391.8,179.4,239.2,79.7
2372.5,177.9,237.2,79.1
1274.1,95.6,127.4,42.5
3541.2,265.6,354.1,118.0
1952.0,146.4,195.2,65.1
1980.4,148.5,198.0,66.0
1867.8,140.1,186.8,62.3
2640.8,198.1,264.1,88.0
2149.1,161.2,214.9,71.6
1200.0,90.0,120.0,40.0
2390.9,179.3,239.1,79.7
2242.0,168.2,224.2,74.7
2777.1,208.3,277.7,92.6
2041.5,153.1,204.2,68.1
2712.2,203.4,271.2,90.4
2883.7,216.3,288.4,96.1
2788.3,209.1,278.8,92.9
2159.5,162.0,216.0,72.0
1442.0,108.2,144.2,48.1
2279.4,171.0,227.9,76.0
1521.6,114.1,152.2,50.7
2312.7,173.5,231.3,77.1
2815.2,211.1,281.5,93.8
1510.8,113.3,151.1,50.4
1538.1,115.4,153.8,51.3
3248.7,243.7,324.9,108.3
3709.6,278.2,371.0,123.7
3522.2,264.2,352.2,117.4
1343.6,100.8,134.4,44.8
2194.3,164.6,219.4,73.1
2009.5,150.7,201.0,67.0
2906.4,218.0,290.6,96.9
1907.5,143.1,190.7,63.6
2479.3,185.9,247.9,82.6
2441.5,183.1,244.2,81.4
2717.8,203.8,271.8,90.6
2084.9,156.4,208.5,69.5
2237.2,167.8,223.7,74.6
1378.2,103.4,137.8,45.9
2677.5,200.8,267.7,89.2
3317.7,248.8,331.8,110.6
2629.8,197.2,263.0,87.7
2229.1,167.2,222.9,74.3
2476.0,185.7,247.6,82.5
2875.8,215.7,287.6,95.9
2664.5,199.8,266.4,88.8
1912.8,143.5,191.3,63.8
2266.9,170.0,226.7,75.6
1839.5,138.0,183.9,61.3
1799.0,134.9,179.9,60.0
3716.2,278.7,371.6,123.9
2080.4,156.0,208.0,69.3
3086.8,231.5,308.7,102.9
1606.4,120.5,160.6,53.5
1200.0,90.0,120.0,40.0
3434.5,257.6,343.5,114.5
2437.8,182.8,243.8,81.3
2109.2,158.2,210.9,70.3
2635.0,197.6,263.5,87.8
3372.7,253.0,337.3,112.4
2456.5,184.2,245.7,81.9
2659.1,199.4,265.9,88.6
2413.6,181.0,241.4,80.5
2902.4,217.7,290.2,96.7
1895.7,142.2,189.6,63.2
1912.8,143.5,191.3,63.8
2554.3,191.6,255.4,85.1
2713.1,203.5,271.3,90.4
1294.0,97.1,129.4,43.1
2238.1,167.9,223.8,74.6
3291.1,246.8,329.1,109.7
1855.6,139.2,185.6,61.9
2550.2,191.3,255.0,85.0
3709.3,278.2,370.9,123.6
1200.0,90.0,120.0,40.0
2094.7,157.1,209.5,69.8
2984.5,223.8,298.4,99.5
3500.3,262.5,350.0,116.7
1240.1,93.0,124.0,41.3
2811.7,210.9,281.2,93.7
1891.3,141.9,189.1,63.0
2163.1,162.2,216.3,72.1
3303.5,247.8,330.4,110.1
2161.8,162.1,216.2,72.1
3109.9,233.2,311.0,103.7
2426.7,182.0,242.7,80.9
2959.7,222.0,296.0,98.7
2078.1,155.9,207.8,69.3
1866.0,140.0,186.6,62.2
3892.0,291.9,389.2,129.7
1851.8,138.9,185.2,61.7
2110.0,158.2,211.0,70.3
3531.0,264.8,353.1,117.7
2169.7,162.7,217.0,72.3
2109.9,158.2,211.0,70.3
2020.2,151.5,202.0,67.3
2404.0,180.3,240.4,80.1
3411.8,255.9,341.2,113.7
2562.1,192.2,256.2,85.4
3442.0,258.2,344.2,114.7
3511.0,263.3,351.1,117.0
3494.1,262.1,349.4,116.5
2562.6,192.2,256.3,85.4
3589.1,269.2,358.9,119.6
3177.5,238.3,317.7,105.9
1785.3,133.9,178.5,59.5
2146.2,161.0,214.6,71.5
2976.9,223.3,297.7,99.2
2481.2,186.1,248.1,82.7
2915.2,218.6,291.5,97.2
1702.9,127.7,170.3,56.8
3822.3,286.7,382.2,127.4
2667.3,200.0,266.7,88.9
2248.6,168.6,224.9,75.0
2279.9,171.0,228.0,76.0
3316.9,248.8,331.7,110.6
2433.8,182.5,243.4,81.1
2478.8,185.9,247.9,82.6
1200.0,90.0,120.0,40.0
2621.6,196.6,262.2,87.4
1778.0,133.4,177.8,59.3
3891.0,291.8,389.1,129.7
3037.4,227.8,303.7,101.2
2019.1,151.4,201.9,67.3
2659.6,199.5,266.0,88.7
1610.1,120.8,161.0,53.7
1900.9,142.6,190.1,63.4
1798.3,134.9,179.8,59.9
2064.6,154.8,206.5,68.8
2792.3,209.4,279.2,93.1
2329.3,174.7,232.9,77.6
2342.1,175.7,234.2,78.1
2178.2,163.4,217.8,72.6
1200.0,90.0,120.0,40.0
2054.1,154.1,205.4,68.5
2335.9,175.2,233.6,77.9
2000.3,150.0,200.0,66.7
2101.7,157.6,210.2,70.1
2770.4,207.8,277.0,92.3
1673.5,125.5,167.4,55.8
2360.2,177.0,236.0,78.7
2891.0,216.8,289.1,96.4
3649.0,273.7,364.9,121.6
2915.8,218.7,291.6,97.2
4102.9,307.7,410.3,136.8
2866.1,215.0,286.6,95.5
3723.1,279.2,372.3,124.1
3640.8,273.1,364.1,121.4
2788.4,209.1,278.8,92.9
2586.0,193.9,258.6,86.2
2615.1,196.1,261.5,87.2
1643.7,123.3,164.4,54.8
1747.5,131.1,174.7,58.2
2716.6,203.7,271.7,90.6
1201.8,90.1,120.2,40.1
1766.5,132.5,176.7,58.9
2100.5,157.5,210.0,70.0
3699.1,277.4,369.9,123.3
3072.9,230.5,307.3,102.4
3064.2,229.8,306.4,102.1
2348.2,176.1,234.8,78.3
2676.2,200.7,267.6,89.2
2933.2,220.0,293.3,97.8
3641.9,273.1,364.2,121.4
2654.3,199.1,265.4,88.5
2132.3,159.9,213.2,71.1
1766.5,132.5,176.6,58.9
2576.2,193.2,257.6,85.9
1240.3,93.0,124.0,41.3
2283.5,171.3,228.4,76.1
1570.9,117.8,157.1,52.4
3177.9,238.3,317.8,105.9
1205.2,90.4,120.5,40.2
2042.9,153.2,204.3,68.1
1694.0,127.0,169.4,56.5
2645.9,198.4,264.6,88.2
1728.7,129.7,172.9,57.6
1423.9,106.8,142.4,47.5
3549.6,266.2,355.0,118.3
2001.3,150.1,200.1,66.7
2640.5,198.0,264.1,88.0
2541.0,190.6,254.1,84.7
3111.9,233.4,311.2,103.7
2434.3,182.6,243.4,81.1
3039.5,228.0,303.9,101.3
3626.4,272.0,362.6,120.9
3283.3,246.3,328.3,109.4
2676.4,200.7,267.6,89.2
2476.8,185.8,247.7,82.6
3156.7,236.7,315.7,105.2
2286.3,171.5,228.6,76.2
2838.2,212.9,283.8,94.6
1720.5,129.0,172.1,57.3
3535.9,265.2,353.6,117.9
2186.6,164.0,218.7,72.9
1890.2,141.8,189.0,63.0
2899.1,217.4,289.9,96.6
1753.2,131.5,175.3,58.4
3054.8,229.1,305.5,101.8
2047.9,153.6,204.8,68.3
2855.3,214.1,285.5,95.2
2013.8,151.0,201.4,67.1
3232.6,242.4,323.3,107.8
1761.1,132.1,176.1,58.7
2061.8,154.6,206.2,68.7
1988.6,149.1,198.9,66.3
2643.4,198.3,264.3,88.1
2848.1,213.6,284.8,94.9
1632.3,122.4,163.2,54.4
1200.0,90.0,120.0,40.0
1727.5,129.6,172.8,57.6
2622.9,196.7,262.3,87.4
3276.4,245.7,327.6,109.2
2613.6,196.0,261.4,87.1
1398.1,104.9,139.8,46.6
2322.2,174.2,232.2,77.4
1991.7,149.4,199.2,66.4
2352.4,176.4,235.2,78.4
3211.5,240.9,321.2,107.1
1491.7,111.9,149.2,49.7
2359.5,177.0,236.0,78.7
1374.9,103.1,137.5,45.8
2131.2,159.8,213.1,71.0
3034.2,227.6,303.4,101.1
1783.0,133.7,178.3,59.4
2565.1,192.4,256.5,85.5
1995.6,149.7,199.6,66.5
2493.7,187.0,249.4,83.1
1820.2,136.5,182.0,60.7
1596.4,119.7,159.6,53.2
1206.4,90.5,120.6,40.2
2883.9,216.3,288.4,96.1
2914.8,218.6,291.5,97.2
2571.7,192.9,257.2,85.7
1772.7,132.9,177.3,59.1
2280.2,171.0,228.0,76.0
2340.3,175.5,234.0,78.0
2506.4,188.0,250.6,83.5
1698.3,127.4,169.8,56.6
2261.2,169.6,226.1,75.4
3088.0,231.6,308.8,102.9
2085.0,156.4,208.5,69.5
2279.6,171.0,228.0,76.0
1971.9,147.9,197.2,65.7
2066.2,155.0,206.6,68.9
1843.1,138.2,184.3,61.4
2512.4,188.4,251.2,83.7
2568.7,192.7,256.9,85.6
3048.0,228.6,304.8,101.6
1771.3,132.8,177.1,59.0
2340.4,175.5,234.0,78.0
2197.9,164.8,219.8,73.3
2832.0,212.4,283.2,94.4
2306.8,173.0,230.7,76.9
1436.3,107.7,143.6,47.9
1980.0,148.5,198.0,66.0
1519.0,113.9,151.9,50.6
2643.1,198.2,264.3,88.1
4028.5,302.1,402.9,134.3
3023.5,226.8,302.3,100.8
2327.5,174.6,232.8,77.6
3314.6,248.6,331.5,110.5
2961.8,222.1,296.2,98.7
2035.3,152.6,203.5,67.8
2787.6,209.1,278.8,92.9
1359.8,102.0,136.0,45.3
3520.8,264.1,352.1,117.4
1594.8,119.6,159.5,53.2
2429.4,182.2,242.9,81.0
1864.8,139.9,186.5,62.2
1611.1,120.8,161.1,53.7
3271.7,245.4,327.2,109.1
1488.7,111.6,148.9,49.6
2659.8,199.5,266.0,88.7
2878.2,215.9,287.8,95.9
3173.4,238.0,317.3,105.8
1873.1,140.5,187.3,62.4
2465.8,184.9,246.6,82.2
3167.5,237.6,316.8,105.6
1667.7,125.1,166.8,55.6
2534.5,190.1,253.4,84.5
3124.2,234.3,312.4,104.1
2410.9,180.8,241.1,80.4
1592.2,119.4,159.2,53.1
2130.0,159.8,213.0,71.0
1391.0,104.3,139.1,46.4
1877.7,140.8,187.8,62.6
2715.4,203.7,271.5,90.5
3091.5,231.9,309.2,103.1
2747.9,206.1,274.8,91.6
3097.6,232.3,309.8,103.3
1631.5,122.4,163.2,54.4
2021.2,151.6,202.1,67.4
1230.4,92.3,123.0,41.0
1747.1,131.0,174.7,58.2
3317.0,248.8,331.7,110.6
2441.5,183.1,244.2,81.4
2472.2,185.4,247.2,82.4
3361.0,252.1,336.1,112.0
2516.6,188.7,251.7,83.9
2053.9,154.0,205.4,68.5
1200.0,90.0,120.0,40.0
2343.2,175.7,234.3,78.1
2264.0,169.8,226.4,75.5
3973.2,298.0,397.3,132.4
1472.8,110.5,147.3,49.1
2319.2,173.9,231.9,77.3
1285.3,96.4,128.5,42.8
2440.5,183.0,244.0,81.3
2438.0,182.8,243.8,81.3
2199.5,165.0,219.9,73.3
2289.8,171.7,229.0,76.3
2211.1,165.8,221.1,73.7
3179.0,238.4,317.9,106.0
2959.5,222.0,296.0,98.7
1636.7,122.8,163.7,54.6
3336.2,250.2,333.6,111.2
1915.5,143.7,191.5,63.8
3728.2,279.6,372.8,124.3
1848.8,138.7,184.9,61.6
3042.3,228.2,304.2,101.4
1758.4,131.9,175.8,58.6
2402.3,180.2,240.2,80.1
2332.7,175.0,233.3,77.8
2328.7,174.7,232.9,77.6
2591.6,194.4,259.2,86.4
1200.0,90.0,120.0,40.0
3364.2,252.3,336.4,112.1
2765.7,207.4,276.6,92.2
1923.3,144.2,192.3,64.1
2173.3,163.0,217.3,72.4
2405.2,180.4,240.5,80.2
2208.3,165.6,220.8,73.6
1350.1,101.3,135.0,45.0
1260.2,94.5,126.0,42.0
1294.6,97.1,129.5,43.2
2585.2,193.9,258.5,86.2
2637.1,197.8,263.7,87.9
1616.1,121.2,161.6,53.9
3495.6,262.2,349.6,116.5
2182.6,163.7,218.3,72.8
2089.1,156.7,208.9,69.6
2375.0,178.1,237.5,79.2
3034.7,227.6,303.5,101.2
1200.0,90.0,120.0,40.0
3030.6,227.3,303.1,101.0
2101.1,157.6,210.1,70.0
3028.1,227.1,302.8,100.9
2567.1,192.5,256.7,85.6
2078.2,155.9,207.8,69.3
1990.9,149.3,199.1,66.4
1441.0,108.1,144.1,48.0
3649.3,273.7,364.9,121.6
2448.8,183.7,244.9,81.6
1700.4,127.5,170.0,56.7
1922.7,144.2,192.3,64.1
3615.6,271.2,361.6,120.5
1907.5,143.1,190.8,63.6
2114.9,158.6,211.5,70.5
2706.6,203.0,270.7,90.2
3605.5,270.4,360.6,120.2
2890.3,216.8,289.0,96.3
1316.6,98.7,131.7,43.9
2244.7,168.3,224.5,74.8
1654.0,124.0,165.4,55.1
2047.8,153.6,204.8,68.3
2380.9,178.6,238.1,79.4
2713.8,203.5,271.4,90.5
3111.3,233.3,311.1,103.7
2422.8,181.7,242.3,80.8
2984.9,223.9,298.5,99.5
3283.4,246.3,328.3,109.4
3423.3,256.7,342.3,114.1
1733.5,130.0,173.4,57.8
1814.5,136.1,181.4,60.5
2020.8,151.6,202.1,67.4
1305.4,97.9,130.5,43.5
3889.9,291.7,389.0,129.7
2891.1,216.8,289.1,96.4
3246.9,243.5,324.7,108.2
1805.9,135.4,180.6,60.2
1827.3,137.0,182.7,60.9
1830.9,137.3,183.1,61.0
1635.1,122.6,163.5,54.5
2099.7,157.5,210.0,70.0
2753.9,206.5,275.4,91.8
3288.1,246.6,328.8,109.6
2932.5,219.9,293.3,97.8
1634.7,122.6,163.5,54.5
2708.0,203.1,270.8,90.3
2464.5,184.8,246.5,82.2
2299.8,172.5,230.0,76.7
1230.0,92.2,123.0,41.0
3543.7,265.8,354.4,118.1
2240.7,168.1,224.1,74.7
2766.1,207.5,276.6,92.2
2330.9,174.8,233.1,77.7
1205.5,90.4,120.6,40.2
1813.5,136.0,181.4,60.4
1787.5,134.1,178.7,59.6
2365.0,177.4,236.5,78.8
3069.4,230.2,306.9,102.3
1948.9,146.2,194.9,65.0
2710.8,203.3,271.1,90.4
2485.5,186.4,248.5,82.8
2669.7,200.2,267.0,89.0
1251.8,93.9,125.2,41.7
2375.1,178.1,237.5,79.2
2516.6,188.7,251.7,83.9
2574.7,193.1,257.5,85.8
2706.8,203.0,270.7,90.2
2758.3,206.9,275.8,91.9
1212.1,90.9,121.2,40.4
3094.5,232.1,309.4,103.1
2246.2,168.5,224.6,74.9
2588.5,194.1,258.9,86.3
2634.2,197.6,263.4,87.8
2240.8,168.1,224.1,74.7
2181.9,163.6,218.2,72.7
1925.1,144.4,192.5,64.2
2903.4,217.8,290.3,96.8
2496.6,187.2,249.7,83.2
2801.4,210.1,280.1,93.4
2198.2,164.9,219.8,73.3
2306.6,173.0,230.7,76.9
3574.4,268.1,357.4,119.1
1598.3,119.9,159.8,53.3
2692.0,201.9,269.2,89.7
2307.7,173.1,230.8,76.9
1575.2,118.1,157.5,52.5
2408.7,180.7,240.9,80.3
1200.0,90.0,120.0,40.0
2727.2,204.5,272.7,90.9
1200.0,90.0,120.0,40.0
3094.4,232.1,309.4,103.1
3168.8,237.7,316.9,105.6
3128.3,234.6,312.8,104.3
2304.4,172.8,230.4,76.8
2008.3,150.6,200.8,66.9
1578.0,118.3,157.8,52.6
2185.8,163.9,218.6,72.9
2459.4,184.5,245.9,82.0
2051.2,153.8,205.1,68.4
1691.3,126.8,169.1,56.4
3122.1,234.2,312.2,104.1
2902.3,217.7,290.2,96.7
1433.0,107.5,143.3,47.8
2171.1,162.8,217.1,72.4
2525.9,189.4,252.6,84.2
3678.7,275.9,367.9,122.6
2522.6,189.2,252.3,84.1
2111.8,158.4,211.2,70.4
2202.4,165.2,220.2,73.4
1934.0,145.0,193.4,64.5
1491.6,111.9,149.2,49.7
2294.3,172.1,229.4,76.5
2418.3,181.4,241.8,80.6
2728.8,204.7,272.9,91.0
2369.5,177.7,237.0,79.0
2373.2,178.0,237.3,79.1
2145.7,160.9,214.6,71.5
3567.1,267.5,356.7,118.9
1241.5,93.1,124.2,41.4
1302.5,97.7,130.3,43.4
2866.6,215.0,286.7,95.6
2396.2,179.7,239.6,79.9
1917.2,143.8,191.7,63.9
1670.3,125.3,167.0,55.7
2425.8,181.9,242.6,80.9
2230.0,167.3,223.0,74.3
2488.0,186.6,248.8,82.9
2152.8,161.5,215.3,71.8
2400.6,180.0,240.1,80.0
2938.2,220.4,293.8,97.9
1833.4,137.5,183.3,61.1
1646.4,123.5,164.6,54.9
3393.6,254.5,339.4,113.1
1840.9,138.1,184.1,61.4
2811.4,210.9,281.1,93.7
3268.5,245.1,326.8,108.9
2375.4,178.2,237.5,79.2
1915.9,143.7,191.6,63.9
2800.1,210.0,280.0,93.3
1874.6,140.6,187.5,62.5
2349.0,176.2,234.9,78.3
3336.2,250.2,333.6,111.2
2827.1,212.0,282.7,94.2
2521.8,189.1,252.2,84.1
1200.0,90.0,120.0,40.0
2249.2,168.7,224.9,75.0
2007.1,150.5,200.7,66.9
2576.5,193.2,257.6,85.9
2905.5,217.9,290.6,96.9
3323.6,249.3,332.4,110.8
1416.8,106.3,141.7,47.2
1969.6,147.7,197.0,65.7
1807.6,135.6,180.8,60.3
2693.4,202.0,269.3,89.8
1986.4,149.0,198.6,66.2
1836.6,137.7,183.7,61.2
2362.2,177.2,236.2,78.7
3201.7,240.1,320.2,106.7
1565.5,117.4,156.6,52.2
2824.9,211.9,282.5,94.2
2505.4,187.9,250.5,83.5
2870.9,215.3,287.1,95.7
1683.3,126.3,168.3,56.1
1482.0,111.1,148.2,49.4
2347.4,176.1,234.7,78.2
2428.8,182.2,242.9,81.0
3116.3,233.7,311.6,103.9
1431.5,107.4,143.1,47.7
2201.1,165.1,220.1,73.4
2043.5,153.3,204.4,68.1
2338.4,175.4,233.8,77.9
2036.4,152.7,203.6,67.9
3180.8,238.6,318.1,106.0
2100.7,157.5,210.1,70.0
3085.2,231.4,308.5,102.8
2019.3,151.4,201.9,67.3
2906.4,218.0,290.6,96.9
2913.7,218.5,291.4,97.1
2263.0,169.7,226.3,75.4
2924.5,219.3,292.5,97.5
1987.9,149.1,198.8,66.3
3085.4,231.4,308.5,102.8
1417.4,106.3,141.7,47.2
2291.8,171.9,229.2,76.4
2191.2,164.3,219.1,73.0
1374.1,103.1,137.4,45.8
2817.9,211.3,281.8,93.9
2979.4,223.5,297.9,99.3
3012.1,225.9,301.2,100.4
1783.0,133.7,178.3,59.4
2674.8,200.6,267.5,89.2
2552.8,191.5,255.3,85.1
2355.1,176.6,235.5,78.5
2585.7,193.9,258.6,86.2
1555.3,116.6,155.5,51.8
3009.4,225.7,300.9,100.3
3867.5,290.1,386.7,128.9
2810.1,210.8,281.0,93.7
1644.7,123.3,164.5,54.8
2228.3,167.1,222.8,74.3
2683.7,201.3,268.4,89.5
3694.8,277.1,369.5,123.2
3847.2,288.5,384.7,128.2
1995.3,149.6,199.5,66.5
2126.1,159.5,212.6,70.9
2017.4,151.3,201.7,67.2
2459.3,184.4,245.9,82.0
2767.6,207.6,276.8,92.3
3059.1,229.4,305.9,102.0
1843.3,138.3,184.3,61.4
3165.8,237.4,316.6,105.5
2060.1,154.5,206.0,68.7
1933.1,145.0,193.3,64.4
1992.4,149.4,199.2,66.4
2863.5,214.8,286.3,95.4
2369.5,177.7,237.0,79.0
2426.1,182.0,242.6,80.9
1488.1,111.6,148.8,49.6
3686.6,276.5,368.7,122.9
2340.4,175.5,234.0,78.0
1934.5,145.1,193.4,64.5
2249.4,168.7,224.9,75.0
2814.5,211.1,281.5,93.8
3278.4,245.9,327.8,109.3
1800.0,135.0,180.0,60.0
1897.8,142.3,189.8,63.3
3311.2,248.3,331.1,110.4
1945.1,145.9,194.5,64.8
1618.4,121.4,161.8,53.9
2582.0,193.6,258.2,86.1
2141.8,160.6,214.2,71.4
2780.8,208.6,278.1,92.7
2623.5,196.8,262.4,87.5
3317.2,248.8,331.7,110.6
2584.4,193.8,258.4,86.1
2427.9,182.1,242.8,80.9
2827.9,212.1,282.8,94.3
2361.4,177.1,236.1,78.7
2158.9,161.9,215.9,72.0
2256.6,169.2,225.7,75.2
2517.5,188.8,251.7,83.9
1373.3,103.0,137.3,45.8
2496.3,187.2,249.6,83.2
2217.1,166.3,221.7,73.9
1758.1,131.9,175.8,58.6
2340.1,175.5,234.0,78.0
2053.0,154.0,205.3,68.4
2563.3,192.3,256.3,85.4
2709.2,203.2,270.9,90.3
2673.1,200.5,267.3,89.1
2760.9,207.1,276.1,92.0
1754.7,131.6,175.5,58.5
1274.4,95.6,127.4,42.5
1440.2,108.0,144.0,48.0
1855.9,139.2,185.6,61.9
3459.3,259.4,345.9,115.3
2978.2,223.4,297.8,99.3
2904.9,217.9,290.5,96.8
2032.4,152.4,203.2,67.7
2113.6,158.5,211.4,70.5
2167.2,162.5,216.7,72.2
1525.5,114.4,152.6,50.9
2190.8,164.3,219.1,73.0
2619.2,196.4,261.9,87.3
1452.5,108.9,145.3,48.4
2049.3,153.7,204.9,68.3
1820.5,136.5,182.0,60.7
1748.7,131.2,174.9,58.3
2301.8,172.6,230.2,76.7
2546.4,191.0,254.6,84.9
2698.5,202.4,269.8,89.9
2217.0,166.3,221.7,73.9
1943.9,145.8,194.4,64.8
1494.2,112.1,149.4,49.8
3016.2,226.2,301.6,100.5
1907.8,143.1,190.8,63.6
2247.1,168.5,224.7,74.9
2442.5,183.2,244.3,81.4
3988.1,299.1,398.8,132.9
2134.1,160.1,213.4,71.1
1959.0,146.9,195.9,65.3
2607.6,195.6,260.8,86.9
2064.4,154.8,206.4,68.8
2449.6,183.7,245.0,81.7
3865.1,289.9,386.5,128.8
2934.1,220.1,293.4,97.8
1882.7,141.2,188.3,62.8
3513.9,263.5,351.4,117.1
2376.2,178.2,237.6,79.2
2266.6,170.0,226.7,75.6
1620.1,121.5,162.0,54.0
2526.1,189.5,252.6,84.2
2216.1,166.2,221.6,73.9
3319.6,249.0,332.0,110.7
1728.5,129.6,172.8,57.6
1200.0,90.0,120.0,40.0
1949.8,146.2,195.0,65.0
1284.0,96.3,128.4,42.8
2230.3,167.3,223.0,74.3
2745.0,205.9,274.5,91.5
2507.0,188.0,250.7,83.6
3523.5,264.3,352.4,117.5
1200.0,90.0,120.0,40.0
2328.8,174.7,232.9,77.6
2283.9,171.3,228.4,76.1
2893.7,217.0,289.4,96.5
2988.6,224.1,298.9,99.6
2134.4,160.1,213.4,71.1
1837.7,137.8,183.8,61.3
3260.9,244.6,326.1,108.7
2664.5,199.8,266.4,88.8
2106.5,158.0,210.7,70.2
2920.6,219.0,292.1,97.4
2555.8,191.7,255.6,85.2
2482.4,186.2,248.2,82.7
2032.3,152.4,203.2,67.7
2746.9,206.0,274.7,91.6
2157.6,161.8,215.8,71.9
2114.0,158.5,211.4,70.5
2559.3,191.9,255.9,85.3
3254.9,244.1,325.5,108.5
3210.2,240.8,321.0,107.0
2142.9,160.7,214.3,71.4
2241.2,168.1,224.1,74.7
2886.3,216.5,288.6,96.2
2746.2,206.0,274.6,91.5
2670.7,200.3,267.1,89.0
1200.0,90.0,120.0,40.0
1582.5,118.7,158.2,52.8
2206.3,165.5,220.6,73.5
2014.6,151.1,201.5,67.2
3937.8,295.3,393.8,131.3
1202.2,90.2,120.2,40.1
2588.5,194.1,258.8,86.3
2780.3,208.5,278.0,92.7
2222.8,166.7,222.3,74.1
3079.0,230.9,307.9,102.6
1898.0,142.4,189.8,63.3
2249.4,168.7,224.9,75.0
2135.0,160.1,213.5,71.2
1937.2,145.3,193.7,64.6
2007.6,150.6,200.8,66.9
1290.6,96.8,129.1,43.0
1642.9,123.2,164.3,54.8
2206.4,165.5,220.6,73.5
3500.0,262.5,350.0,116.7
1616.5,121.2,161.7,53.9
2218.5,166.4,221.9,74.0
3569.4,267.7,356.9,119.0
2152.0,161.4,215.2,71.7
2996.2,224.7,299.6,99.9
1200.0,90.0,120.0,40.0
2138.2,160.4,213.8,71.3
1490.2,111.8,149.0,49.7
2728.6,204.6,272.9,91.0
1964.7,147.4,196.5,65.5
1924.0,144.3,192.4,64.1
2684.9,201.4,268.5,89.5
2013.2,151.0,201.3,67.1
2486.8,186.5,248.7,82.9
1524.5,114.3,152.5,50.8
1309.0,98.2,130.9,43.6
1630.3,122.3,163.0,54.3
3060.0,229.5,306.0,102.0
1580.0,118.5,158.0,52.7
2012.9,151.0,201.3,67.1
1878.8,140.9,187.9,62.6
2378.9,178.4,237.9,79.3
1649.0,123.7,164.9,55.0
2797.5,209.8,279.8,93.3
1882.0,141.2,188.2,62.7
3296.9,247.3,329.7,109.9
3535.6,265.2,353.6,117.9
2530.8,189.8,253.1,84.4
2629.5,197.2,262.9,87.6
2188.9,164.2,218.9,73.0
2415.4,181.2,241.5,80.5
2833.1,212.5,283.3,94.4
2795.8,209.7,279.6,93.2
3249.0,243.7,324.9,108.3
1406.7,105.5,140.7,46.9
1793.5,134.5,179.4,59.8
2475.4,185.7,247.5,82.5
2925.0,219.4,292.5,97.5
1540.3,115.5,154.0,51.3
1860.5,139.5,186.1,62.0
3260.9,244.6,326.1,108.7
2064.4,154.8,206.4,68.8
2635.7,197.7,263.6,87.9
3086.5,231.5,308.6,102.9
1421.4,106.6,142.1,47.4
2708.6,203.1,270.9,90.3
2207.6,165.6,220.8,73.6
3071.8,230.4,307.2,102.4
2679.9,201.0,268.0,89.3
1758.5,131.9,175.8,58.6
1999.2,149.9,199.9,66.6
2542.1,190.7,254.2,84.7
1682.8,126.2,168.3,56.1
2726.1,204.5,272.6,90.9
2613.9,196.0,261.4,87.1
2589.5,194.2,258.9,86.3
2749.8,206.2,275.0,91.7
1512.8,113.5,151.3,50.4
2293.6,172.0,229.4,76.5
2478.4,185.9,247.8,82.6
3011.0,225.8,301.1,100.4
1992.2,149.4,199.2,66.4
2138.1,160.4,213.8,71.3
3032.3,227.4,303.2,101.1
2039.5,153.0,204.0,68.0
3241.9,243.1,324.2,108.1
1399.1,104.9,139.9,46.6
3475.7,260.7,347.6,115.9
2999.4,225.0,299.9,100.0
2050.9,153.8,205.1,68.4
3196.2,239.7,319.6,106.5
1993.3,149.5,199.3,66.4
3346.5,251.0,334.7,111.6
2561.0,192.1,256.1,85.4
1822.9,136.7,182.3,60.8
2957.3,221.8,295.7,98.6
1932.1,144.9,193.2,64.4
2567.1,192.5,256.7,85.6
2299.7,172.5,230.0,76.7
3000.5,225.0,300.0,100.0
2095.0,157.1,209.5,69.8
2642.0,198.1,264.2,88.1
2472.8,185.5,247.3,82.4
3279.2,245.9,327.9,109.3
2980.3,223.5,298.0,99.3
3038.7,227.9,303.9,101.3
2821.5,211.6,282.1,94.0
3983.3,298.8,398.3,132.8
2077.8,155.8,207.8,69.3
2030.7,152.3,203.1,67.7
2195.7,164.7,219.6,73.2
2097.2,157.3,209.7,69.9
3641.9,273.1,364.2,121.4
2293.6,172.0,229.4,76.5
1200.0,90.0,120.0,40.0
2543.4,190.8,254.3,84.8
2099.3,157.5,209.9,70.0
2788.5,209.1,278.8,92.9
1600.5,120.0,160.1,53.3
1759.0,131.9,175.9,58.6
1325.3,99.4,132.5,44.2
1793.0,134.5,179.3,59.8
2067.5,155.1,206.8,68.9
1550.1,116.3,155.0,51.7
3171.6,237.9,317.2,105.7
1666.8,125.0,166.7,55.6
3321.9,249.1,332.2,110.7
2440.5,183.0,244.0,81.3
3555.4,266.7,355.5,118.5
2407.7,180.6,240.8,80.3
2652.0,198.9,265.2,88.4
2075.2,155.6,207.5,69.2
1965.0,147.4,196.5,65.5
3569.2,267.7,356.9,119.0
2763.5,207.3,276.3,92.1
2434.4,182.6,243.4,81.1
1200.0,90.0,120.0,40.0
1590.5,119.3,159.0,53.0
2689.0,201.7,268.9,89.6
2143.6,160.8,214.4,71.5
1481.5,111.1,148.1,49.4
2659.0,199.4,265.9,88.6
2237.2,167.8,223.7,74.6
3235.3,242.6,323.5,107.8
3435.9,257.7,343.6,114.5
2316.1,173.7,231.6,77.2
2325.2,174.4,232.5,77.5
2303.5,172.8,230.3,76.8
2263.6,169.8,226.4,75.5
3059.1,229.4,305.9,102.0
2641.0,198.1,264.1,88.0
2031.2,152.3,203.1,67.7
1809.9,135.7,181.0,60.3
2913.3,218.5,291.3,97.1
1375.6,103.2,137.6,45.9
1972.5,147.9,197.2,65.7
2819.5,211.5,281.9,94.0
1840.4,138.0,184.0,61.3
2451.7,183.9,245.2,81.7
3070.8,230.3,307.1,102.4
1354.4,101.6,135.4,45.1
2889.4,216.7,288.9,96.3
1978.6,148.4,197.9,66.0
1200.0,90.0,120.0,40.0
1498.8,112.4,149.9,50.0
3142.3,235.7,314.2,104.7
1975.2,148.1,197.5,65.8
1561.7,117.1,156.2,52.1
3314.6,248.6,331.5,110.5
1293.4,97.0,129.3,43.1
1473.5,110.5,147.4,49.1
1732.7,129.9,173.3,57.8
2911.5,218.4,291.2,97.1
1962.7,147.2,196.3,65.4
2371.6,177.9,237.2,79.1
2665.8,199.9,266.6,88.9
1761.3,132.1,176.1,58.7
2541.9,190.6,254.2,84.7
3312.5,248.4,331.2,110.4
2298.3,172.4,229.8,76.6
2130.5,159.8,213.0,71.0
1737.7,130.3,173.8,57.9
2369.1,177.7,236.9,79.0
2032.5,152.4,203.2,67.7
1930.8,144.8,193.1,64.4
2253.8,169.0,225.4,75.1
1634.9,122.6,163.5,54.5
1774.6,133.1,177.5,59.2
1932.5,144.9,193.3,64.4
2994.2,224.6,299.4,99.8
2747.9,206.1,274.8,91.6
2665.6,199.9,266.6,88.9
2310.2,173.3,231.0,77.0
2449.3,183.7,244.9,81.6
2652.6,198.9,265.3,88.4
2718.5,203.9,271.9,90.6
3113.4,233.5,311.3,103.8
2312.5,173.4,231.2,77.1
1577.1,118.3,157.7,52.6
2499.3,187.4,249.9,83.3
2933.4,220.0,293.3,97.8
1200.0,90.0,120.0,40.0
3586.5,269.0,358.7,119.6
2265.0,169.9,226.5,75.5
2726.3,204.5,272.6,90.9
2988.8,224.2,298.9,99.6
1593.1,119.5,159.3,53.1
2903.1,217.7,290.3,96.8
1567.6,117.6,156.8,52.3
2148.6,161.1,214.9,71.6
3571.6,267.9,357.2,119.1
1656.0,124.2,165.6,55.2
1397.2,104.8,139.7,46.6
3146.6,236.0,314.7,104.9
2943.1,220.7,294.3,98.1
2556.9,191.8,255.7,85.2
2517.3,188.8,251.7,83.9
2368.2,177.6,236.8,78.9
2212.8,166.0,221.3,73.8
2146.2,161.0,214.6,71.5
2090.6,156.8,209.1,69.7
3356.7,251.7,335.7,111.9
2051.1,153.8,205.1,68.4
2592.0,194.4,259.2,86.4
2134.3,160.1,213.4,71.1
2626.2,197.0,262.6,87.5
1583.6,118.8,158.4,52.8
1489.3,111.7,148.9,49.6
3022.4,226.7,302.2,100.7
2219.1,166.4,221.9,74.0
3144.7,235.9,314.5,104.8
1630.9,122.3,163.1,54.4
1648.0,123.6,164.8,54.9
1726.8,129.5,172.7,57.6
3097.8,232.3,309.8,103.3
3190.4,239.3,319.0,106.3
2093.1,157.0,209.3,69.8
3300.8,247.6,330.1,110.0
2572.6,192.9,257.3,85.8
2020.0,151.5,202.0,67.3
2225.0,166.9,222.5,74.2
3115.1,233.6,311.5,103.8
2375.4,178.2,237.5,79.2
3232.6,242.4,323.3,107.8
1577.5,118.3,157.7,52.6
2771.9,207.9,277.2,92.4
3630.9,272.3,363.1,121.0
2198.0,164.8,219.8,73.3
2072.0,155.4,207.2,69.1
2589.2,194.2,258.9,86.3
2947.4,221.1,294.7,98.2
3091.1,231.8,309.1,103.0
2701.8,202.6,270.2,90.1
2362.1,177.2,236.2,78.7
2826.9,212.0,282.7,94.2
3106.0,233.0,310.6,103.5
2329.0,174.7,232.9,77.6
3376.5,253.2,337.6,112.5
2603.4,195.3,260.3,86.8
3527.4,264.6,352.7,117.6
2619.9,196.5,262.0,87.3
2126.1,159.5,212.6,70.9
2676.8,200.8,267.7,89.2
1455.4,109.2,145.5,48.5
2502.2,187.7,250.2,83.4
3179.8,238.5,318.0,106.0
1887.2,141.5,188.7,62.9
2339.0,175.4,233.9,78.0
2801.1,210.1,280.1,93.4
3283.7,246.3,328.4,109.5
1200.0,90.0,120.0,40.0
2492.2,186.9,249.2,83.1
2173.7,163.0,217.4,72.5
1679.0,125.9,167.9,56.0
2120.9,159.1,212.1,70.7
2799.9,210.0,280.0,93.3
2650.5,198.8,265.0,88.3
1958.1,146.9,195.8,65.3
2334.3,175.1,233.4,77.8
1849.5,138.7,185.0,61.7
1406.6,105.5,140.7,46.9
3497.4,262.3,349.7,116.6
2070.6,155.3,207.1,69.0
2424.7,181.9,242.5,80.8
2779.0,208.4,277.9,92.6
2951.0,221.3,295.1,98.4
2374.9,178.1,237.5,79.2
1649.0,123.7,164.9,55.0
2771.9,207.9,277.2,92.4
1500.8,112.6,150.1,50.0
3423.3,256.7,342.3,114.1
2686.1,201.5,268.6,89.5
3076.3,230.7,307.6,102.5
1764.1,132.3,176.4,58.8
1934.4,145.1,193.4,64.5
2013.1,151.0,201.3,67.1
3490.3,261.8,349.0,116.3
1592.8,119.5,159.3,53.1
2155.5,161.7,215.6,71.9
2465.0,184.9,246.5,82.2
2676.0,200.7,267.6,89.2
2661.5,199.6,266.1,88.7
2829.2,212.2,282.9,94.3
2270.9,170.3,227.1,75.7
1452.3,108.9,145.2,48.4
3221.2,241.6,322.1,107.4
1664.8,124.9,166.5,55.5
3284.1,246.3,328.4,109.5
2370.2,177.8,237.0,79.0
2357.3,176.8,235.7,78.6
2111.7,158.4,211.2,70.4
1879.3,141.0,187.9,62.6
1710.8,128.3,171.1,57.0
1725.1,129.4,172.5,57.5
2259.1,169.4,225.9,75.3
2992.5,224.4,299.2,99.7
2138.2,160.4,213.8,71.3
2160.0,162.0,216.0,72.0
2715.1,203.6,271.5,90.5
1472.1,110.4,147.2,49.1
1637.6,122.8,163.8,54.6
1887.4,141.6,188.7,62.9
1482.1,111.2,148.2,49.4
2728.1,204.6,272.8,90.9
2289.0,171.7,228.9,76.3
2204.5,165.3,220.5,73.5
2663.9,199.8,266.4,88.8
2895.1,217.1,289.5,96.5
3516.4,263.7,351.6,117.2
1762.6,132.2,176.3,58.8
2979.5,223.5,298.0,99.3
2712.6,203.4,271.3,90.4
2561.5,192.1,256.1,85.4
2898.2,217.4,289.8,96.6
2718.4,203.9,271.8,90.6
1530.2,114.8,153.0,51.0
3088.0,231.6,308.8,102.9
1526.9,114.5,152.7,50.9
2259.0,169.4,225.9,75.3
3263.8,244.8,326.4,108.8
3399.3,255.0,339.9,113.3
3743.5,280.8,374.4,124.8
1536.8,115.3,153.7,51.2
3593.7,269.5,359.4,119.8
2293.7,172.0,229.4,76.5
2288.4,171.6,228.8,76.3
1574.2,118.1,157.4,52.5
2521.2,189.1,252.1,84.0
2853.2,214.0,285.3,95.1
2772.2,207.9,277.2,92.4
2330.4,174.8,233.0,77.7
2721.8,204.1,272.2,90.7
2459.8,184.5,246.0,82.0
2045.5,153.4,204.5,68.2
3155.5,236.7,315.5,105.2
2292.2,171.9,229.2,76.4
2642.5,198.2,264.3,88.1
2459.8,184.5,246.0,82.0
3549.2,266.2,354.9,118.3
1823.3,136.8,182.3,60.8
1490.7,111.8,149.1,49.7
3017.0,226.3,301.7,100.6
3027.4,227.1,302.7,100.9
2805.7,210.4,280.6,93.5
2654.9,199.1,265.5,88.5
2473.2,185.5,247.3,82.4
1969.7,147.7,197.0,65.7
3027.4,227.1,302.7,100.9
1781.2,133.6,178.1,59.4
4191.9,314.4,419.2,139.7
2429.9,182.2,243.0,81.0
3597.5,269.8,359.7,119.9
3440.7,258.1,344.1,114.7
2615.4,196.2,261.5,87.2
2227.4,167.1,222.7,74.2
2142.0,160.7,214.2,71.4
2531.5,189.9,253.2,84.4
2680.7,201.1,268.1,89.4
2021.7,151.6,202.2,67.4
2829.6,212.2,283.0,94.3
3332.5,249.9,333.2,111.1
3577.8,268.3,357.8,119.3
3871.8,290.4,387.2,129.1
2028.1,152.1,202.8,67.6
2264.5,169.8,226.5,75.5
2266.9,170.0,226.7,75.6
2460.1,184.5,246.0,82.0
1816.9,136.3,181.7,60.6
1376.2,103.2,137.6,45.9
2357.7,176.8,235.8,78.6
4340.1,325.5,434.0,144.7
1310.0,98.3,131.0,43.7
2006.5,150.5,200.7,66.9
2242.9,168.2,224.3,74.8
2911.9,218.4,291.2,97.1
1471.8,110.4,147.2,49.1
1202.3,90.2,120.2,40.1
1881.5,141.1,188.2,62.7
3247.0,243.5,324.7,108.2
2559.0,191.9,255.9,85.3
1200.0,90.0,120.0,40.0
2179.5,163.5,218.0,72.7
1200.0,90.0,120.0,40.0
1200.0,90.0,120.0,40.0
2033.1,152.5,203.3,67.8
2228.9,167.2,222.9,74.3
1200.0,90.0,120.0,40.0
1806.0,135.5,180.6,60.2
2049.3,153.7,204.9,68.3
3296.1,247.2,329.6,109.9
2080.0,156.0,208.0,69.3
2884.7,216.4,288.5,96.2
1872.1,140.4,187.2,62.4
1976.5,148.2,197.7,65.9
2821.3,211.6,282.1,94.0
1692.8,127.0,169.3,56.4
2742.1,205.7,274.2,91.4
2837.4,212.8,283.7,94.6
1751.6,131.4,175.2,58.4
3102.0,232.6,310.2,103.4
3043.4,228.3,304.3,101.4
2445.4,183.4,244.5,81.5
1954.0,146.6,195.4,65.1
2411.8,180.9,241.2,80.4
2404.0,180.3,240.4,80.1
2244.5,168.3,224.5,74.8
2431.2,182.3,243.1,81.0
1365.5,102.4,136.5,45.5
2375.3,178.1,237.5,79.2
2619.7,196.5,262.0,87.3
2568.2,192.6,256.8,85.6
2830.3,212.3,283.0,94.3
3025.5,226.9,302.5,100.8
2258.4,169.4,225.8,75.3
1760.8,132.1,176.1,58.7
2493.1,187.0,249.3,83.1
2713.2,203.5,271.3,90.4
2949.3,221.2,294.9,98.3
3681.2,276.1,368.1,122.7
2191.3,164.4,219.1,73.0
1719.0,128.9,171.9,57.3
2047.4,153.6,204.7,68.2
2151.6,161.4,215.2,71.7
3908.6,293.1,390.9,130.3
2009.2,150.7,200.9,67.0
2244.7,168.4,224.5,74.8
1744.6,130.8,174.5,58.2
1443.5,108.3,144.4,48.1
2006.2,150.5,200.6,66.9
3078.5,230.9,307.8,102.6
2914.0,218.5,291.4,97.1
1833.9,137.5,183.4,61.1
2027.9,152.1,202.8,67.6
1571.4,117.9,157.1,52.4
2581.3,193.6,258.1,86.0
1528.1,114.6,152.8,50.9
3401.2,255.1,340.1,113.4
1873.3,140.5,187.3,62.4
2136.4,160.2,213.6,71.2
2428.6,182.1,242.9,81.0
2015.2,151.1,201.5,67.2
1930.2,144.8,193.0,64.3
2575.9,193.2,257.6,85.9
2755.9,206.7,275.6,91.9
3848.4,288.6,384.8,128.3
2449.3,183.7,244.9,81.6
3724.1,279.3,372.4,124.1
2555.2,191.6,255.5,85.2
2207.6,165.6,220.8,73.6
2794.0,209.5,279.4,93.1
1631.4,122.4,163.1,54.4
2138.5,160.4,213.8,71.3
1943.3,145.8,194.3,64.8
2754.2,206.6,275.4,91.8
3276.4,245.7,327.6,109.2
2327.1,174.5,232.7,77.6
2287.7,171.6,228.8,76.3
1760.2,132.0,176.0,58.7
1703.1,127.7,170.3,56.8
2805.3,210.4,280.5,93.5
2789.5,209.2,278.9,93.0
2471.9,185.4,247.2,82.4
2619.2,196.4,261.9,87.3
2917.4,218.8,291.7,97.2
1848.7,138.7,184.9,61.6
3059.9,229.5,306.0,102.0
2513.4,188.5,251.3,83.8
2762.2,207.2,276.2,92.1
1200.0,90.0,120.0,40.0
2210.3,165.8,221.0,73.7
2445.7,183.4,244.6,81.5
2275.9,170.7,227.6,75.9
2499.1,187.4,249.9,83.3
2832.7,212.5,283.3,94.4
3029.4,227.2,302.9,101.0
2800.1,210.0,280.0,93.3
2662.6,199.7,266.3,88.8
1780.3,133.5,178.0,59.3
1946.9,146.0,194.7,64.9
3044.4,228.3,304.4,101.5
2197.8,164.8,219.8,73.3
2171.3,162.9,217.1,72.4
3029.0,227.2,302.9,101.0
2218.9,166.4,221.9,74.0
1200.0,90.0,120.0,40.0
2751.4,206.4,275.1,91.7
2541.7,190.6,254.2,84.7
1899.9,142.5,190.0,63.3
1918.3,143.9,191.8,63.9
1942.9,145.7,194.3,64.8
3072.0,230.4,307.2,102.4
2088.4,156.6,208.8,69.6
2011.0,150.8,201.1,67.0
1450.6,108.8,145.1,48.4
2289.8,171.7,229.0,76.3
2718.9,203.9,271.9,90.6
2034.4,152.6,203.4,67.8
3097.9,232.3,309.8,103.3
1991.1,149.3,199.1,66.4
3369.1,252.7,336.9,112.3
2150.8,161.3,215.1,71.7
2360.3,177.0,236.0,78.7
1866.1,140.0,186.6,62.2
1722.6,129.2,172.3,57.4
3147.7,236.1,314.8,104.9
1892.8,142.0,189.3,63.1
1689.6,126.7,169.0,56.3
1486.8,111.5,148.7,49.6
2578.2,193.4,257.8,85.9
2883.6,216.3,288.4,96.1
1912.9,143.5,191.3,63.8
2822.7,211.7,282.3,94.1
2322.7,174.2,232.3,77.4
1403.9,105.3,140.4,46.8
1510.0,113.3,151.0,50.3
1842.2,138.2,184.2,61.4
3159.9,237.0,316.0,105.3
2131.3,159.8,213.1,71.0
3128.5,234.6,312.9,104.3
1619.4,121.5,161.9,54.0
1548.6,116.1,154.9,51.6
2033.6,152.5,203.4,67.8
3155.7,236.7,315.6,105.2
1711.2,128.3,171.1,57.0
2731.9,204.9,273.2,91.1
1212.5,90.9,121.3,40.4
2391.1,179.3,239.1,79.7
2982.8,223.7,298.3,99.4
2223.6,166.8,222.4,74.1
1340.5,100.5,134.1,44.7
1466.9,110.0,146.7,48.9
2514.0,188.6,251.4,83.8
2314.6,173.6,231.5,77.2
1311.8,98.4,131.2,43.7
1472.8,110.5,147.3,49.1
3318.1,248.9,331.8,110.6
3239.6,243.0,324.0,108.0
2948.3,221.1,294.8,98.3
3326.4,249.5,332.6,110.9
1905.8,142.9,190.6,63.5
3031.3,227.3,303.1,101.0
2107.5,158.1,210.8,70.3
1959.5,147.0,196.0,65.3
1508.0,113.1,150.8,50.3
2596.6,194.7,259.7,86.6
1513.5,113.5,151.3,50.4
2885.1,216.4,288.5,96.2
2228.2,167.1,222.8,74.3
3142.9,235.7,314.3,104.8
3438.6,257.9,343.9,114.6
2871.9,215.4,287.2,95.7
2995.1,224.6,299.5,99.8
2297.1,172.3,229.7,76.6
3258.5,244.4,325.9,108.6
2753.1,206.5,275.3,91.8
2465.8,184.9,246.6,82.2
2637.8,197.8,263.8,87.9
2410.4,180.8,241.0,80.3
2845.8,213.4,284.6,94.9
2032.2,152.4,203.2,67.7
3056.5,229.2,305.6,101.9
3055.3,229.2,305.5,101.8
2960.0,222.0,296.0,98.7
2784.6,208.8,278.5,92.8
2108.4,158.1,210.8,70.3
2585.4,193.9,258.5,86.2
1967.0,147.5,196.7,65.6
2211.2,165.8,221.1,73.7
3069.0,230.2,306.9,102.3
3724.8,279.4,372.5,124.2
2224.5,166.8,222.4,74.1
2201.4,165.1,220.1,73.4
2065.4,154.9,206.5,68.8
2922.4,219.2,292.2,97.4
3307.9,248.1,330.8,110.3
3626.7,272.0,362.7,120.9
1289.0,96.7,128.9,43.0
2426.4,182.0,242.6,80.9
2635.7,197.7,263.6,87.9
2345.2,175.9,234.5,78.2
1970.5,147.8,197.1,65.7
1535.1,115.1,153.5,51.2
2382.2,178.7,238.2,79.4
1617.8,121.3,161.8,53.9
2219.1,166.4,221.9,74.0
2222.3,166.7,222.2,74.1
2604.5,195.3,260.4,86.8
3875.1,290.6,387.5,129.2
2294.8,172.1,229.5,76.5
2285.9,171.4,228.6,76.2
2138.5,160.4,213.9,71.3
1535.7,115.2,153.6,51.2
2899.6,217.5,290.0,96.7
2706.4,203.0,270.6,90.2
2030.5,152.3,203.1,67.7
2124.2,159.3,212.4,70.8
2601.5,195.1,260.2,86.7
2928.4,219.6,292.8,97.6
2181.0,163.6,218.1,72.7
1836.9,137.8,183.7,61.2
1302.8,97.7,130.3,43.4
1669.9,125.2,167.0,55.7
2409.7,180.7,241.0,80.3
3207.2,240.5,320.7,106.9
1560.3,117.0,156.0,52.0
1417.4,106.3,141.7,47.2
1782.3,133.7,178.2,59.4
1632.7,122.5,163.3,54.4
2472.1,185.4,247.2,82.4
1818.3,136.4,181.8,60.6
2882.8,216.2,288.3,96.1
1529.2,114.7,152.9,51.0
3206.8,240.5,320.7,106.9
2456.1,184.2,245.6,81.9
1200.0,90.0,120.0,40.0
2350.8,176.3,235.1,78.4
3067.6,230.1,306.8,102.3
2350.9,176.3,235.1,78.4
1481.0,111.1,148.1,49.4
2300.5,172.5,230.1,76.7
1550.3,116.3,155.0,51.7
3072.6,230.4,307.3,102.4
1450.3,108.8,145.0,48.3
1200.0,90.0,120.0,40.0
2591.4,194.4,259.1,86.4
1826.5,137.0,182.7,60.9
2913.9,218.5,291.4,97.1
3077.8,230.8,307.8,102.6
2916.9,218.8,291.7,97.2
1561.1,117.1,156.1,52.0
3301.0,247.6,330.1,110.0
2757.4,206.8,275.7,91.9
1710.8,128.3,171.1,57.0
1720.1,129.0,172.0,57.3
1589.5,119.2,158.9,53.0
3909.8,293.2,391.0,130.3
2600.9,195.1,260.1,86.7
1983.8,148.8,198.4,66.1
2842.2,213.2,284.2,94.7
2722.1,204.2,272.2,90.7
2556.3,191.7,255.6,85.2
1645.2,123.4,164.5,54.8
2746.0,205.9,274.6,91.5
2707.0,203.0,270.7,90.2
2830.3,212.3,283.0,94.3
4331.1,324.8,433.1,144.4
1501.6,112.6,150.2,50.1
1579.3,118.4,157.9,52.6
1990.1,149.3,199.0,66.3
3733.8,280.0,373.4,124.5
1323.1,99.2,132.3,44.1
1892.9,142.0,189.3,63.1
1894.5,142.1,189.4,63.1
2018.9,151.4,201.9,67.3
2036.1,152.7,203.6,67.9
1799.7,135.0,180.0,60.0
2598.0,194.9,259.8,86.6
2528.4,189.6,252.8,84.3
2080.5,156.0,208.0,69.3
2699.8,202.5,270.0,90.0
3423.3,256.7,342.3,114.1
3757.7,281.8,375.8,125.3
1877.0,140.8,187.7,62.6
3464.9,259.9,346.5,115.5
1662.3,124.7,166.2,55.4
2886.0,216.5,288.6,96.2
2642.5,198.2,264.2,88.1
2789.0,209.2,278.9,93.0
2397.6,179.8,239.8,79.9
2615.6,196.2,261.6,87.2
3130.4,234.8,313.0,104.3
2275.7,170.7,227.6,75.9
2035.6,152.7,203.6,67.9
3446.4,258.5,344.6,114.9
3045.7,228.4,304.6,101.5
2606.9,195.5,260.7,86.9
2831.9,212.4,283.2,94.4
2352.6,176.4,235.3,78.4
1844.6,138.3,184.5,61.5
1731.1,129.8,173.1,57.7
2380.1,178.5,238.0,79.3
2589.3,194.2,258.9,86.3
3537.4,265.3,353.7,117.9
2344.9,175.9,234.5,78.2
1588.9,119.2,158.9,53.0
1941.0,145.6,194.1,64.7
3424.1,256.8,342.4,114.1
2303.9,172.8,230.4,76.8
1551.2,116.3,155.1,51.7
2472.8,185.5,247.3,82.4
2105.9,157.9,210.6,70.2
3446.2,258.5,344.6,114.9
2761.4,207.1,276.1,92.0
1682.3,126.2,168.2,56.1
2376.5,178.2,237.7,79.2
2507.3,188.0,250.7,83.6
2927.5,219.6,292.7,97.6
3625.7,271.9,362.6,120.9
2405.8,180.4,240.6,80.2
3328.8,249.7,332.9,111.0
2261.3,169.6,226.1,75.4
2571.8,192.9,257.2,85.7
3175.4,238.2,317.5,105.8
2233.8,167.5,223.4,74.5
3143.6,235.8,314.4,104.8
1974.0,148.0,197.4,65.8
2449.9,183.7,245.0,81.7
2130.8,159.8,213.1,71.0
2788.2,209.1,278.8,92.9
2166.2,162.5,216.6,72.2
2729.1,204.7,272.9,91.0
2097.4,157.3,209.7,69.9
2948.0,221.1,294.8,98.3
3248.1,243.6,324.8,108.3
3053.6,229.0,305.4,101.8
2090.5,156.8,209.1,69.7
2235.5,167.7,223.5,74.5
1200.0,90.0,120.0,40.0
2641.6,198.1,264.2,88.1
1789.7,134.2,179.0,59.7
2425.6,181.9,242.6,80.9
1800.4,135.0,180.0,60.0
2050.8,153.8,205.1,68.4
2763.3,207.2,276.3,92.1
3705.8,277.9,370.6,123.5
1473.3,110.5,147.3,49.1
2918.8,218.9,291.9,97.3
1935.0,145.1,193.5,64.5
1200.0,90.0,120.0,40.0
2200.3,165.0,220.0,73.3
1968.9,147.7,196.9,65.6
2488.6,186.6,248.9,83.0
2641.0,198.1,264.1,88.0
2543.3,190.7,254.3,84.8
1275.8,95.7,127.6,42.5
3273.0,245.5,327.3,109.1
2884.3,216.3,288.4,96.1
1609.1,120.7,160.9,53.6
1886.9,141.5,188.7,62.9
2555.7,191.7,255.6,85.2
1996.5,149.7,199.6,66.5
1700.8,127.6,170.1,56.7
1745.7,130.9,174.6,58.2
2160.3,162.0,216.0,72.0
2791.3,209.3,279.1,93.0
3602.0,270.2,360.2,120.1
3154.1,236.6,315.4,105.1
2453.6,184.0,245.4,81.8
3294.2,247.1,329.4,109.8
3132.1,234.9,313.2,104.4
2924.8,219.4,292.5,97.5
1530.7,114.8,153.1,51.0
2570.7,192.8,257.1,85.7
2170.7,162.8,217.1,72.4
2385.3,178.9,238.5,79.5
2073.7,155.5,207.4,69.1
1573.3,118.0,157.3,52.4
2006.0,150.5,200.6,66.9
1658.6,124.4,165.9,55.3
2695.7,202.2,269.6,89.9
2172.7,162.9,217.3,72.4
3474.8,260.6,347.5,115.8
1217.6,91.3,121.8,40.6
2832.6,212.4,283.3,94.4
1881.4,141.1,188.1,62.7
2704.5,202.8,270.4,90.1
2236.7,167.8,223.7,74.6
1693.1,127.0,169.3,56.4
2743.9,205.8,274.4,91.5
3516.5,263.7,351.6,117.2
2347.9,176.1,234.8,78.3
2908.9,218.2,290.9,97.0
2503.2,187.7,250.3,83.4
2853.6,214.0,285.4,95.1
2127.7,159.6,212.8,70.9
1325.3,99.4,132.5,44.2
2151.4,161.4,215.1,71.7
3537.8,265.3,353.8,117.9
1314.1,98.6,131.4,43.8
1225.9,91.9,122.6,40.9
2536.0,190.2,253.6,84.5
1862.6,139.7,186.3,62.1
2390.8,179.3,239.1,79.7
3884.6,291.3,388.5,129.5
2668.2,200.1,266.8,88.9
1749.7,131.2,175.0,58.3
2997.2,224.8,299.7,99.9
2691.5,201.9,269.2,89.7
1996.8,149.8,199.7,66.6
2153.7,161.5,215.4,71.8
1661.3,124.6,166.1,55.4
1530.2,114.8,153.0,51.0
3034.9,227.6,303.5,101.2
2945.9,220.9,294.6,98.2
2348.9,176.2,234.9,78.3
1371.6,102.9,137.2,45.7
1996.8,149.8,199.7,66.6
2737.2,205.3,273.7,91.2
2210.4,165.8,221.0,73.7
2644.8,198.4,264.5,88.2
2278.8,170.9,227.9,76.0
1251.4,93.9,125.1,41.7
2345.8,175.9,234.6,78.2
3779.7,283.5,378.0,126.0
2171.1,162.8,217.1,72.4
2186.3,164.0,218.6,72.9
2017.8,151.3,201.8,67.3
2561.1,192.1,256.1,85.4
2042.7,153.2,204.3,68.1
3007.9,225.6,300.8,100.3
1976.6,148.2,197.7,65.9
1997.5,149.8,199.8,66.6
2344.9,175.9,234.5,78.2
2707.6,203.1,270.8,90.3
3117.4,233.8,311.7,103.9
3154.6,236.6,315.5,105.2
2071.4,155.4,207.1,69.0
2885.7,216.4,288.6,96.2
2864.8,214.9,286.5,95.5
3035.4,227.7,303.5,101.2
3276.9,245.8,327.7,109.2
1980.2,148.5,198.0,66.0
1718.8,128.9,171.9,57.3
2392.1,179.4,239.2,79.7
3473.4,260.5,347.3,115.8
3083.4,231.3,308.3,102.8
3163.2,237.2,316.3,105.4
3673.4,275.5,367.3,122.4
2444.3,183.3,244.4,81.5
1987.5,149.1,198.8,66.2
1721.1,129.1,172.1,57.4
2594.2,194.6,259.4,86.5
2714.6,203.6,271.5,90.5
1200.0,90.0,120.0,40.0
2297.9,172.3,229.8,76.6
2693.3,202.0,269.3,89.8
3141.9,235.6,314.2,104.7
3234.6,242.6,323.5,107.8
2394.7,179.6,239.5,79.8
3005.8,225.4,300.6,100.2
3100.7,232.6,310.1,103.4
2447.4,183.6,244.7,81.6
1200.0,90.0,120.0,40.0
1622.2,121.7,162.2,54.1
3581.8,268.6,358.2,119.4
2476.7,185.8,247.7,82.6
1200.0,90.0,120.0,40.0
3422.8,256.7,342.3,114.1
2399.9,180.0,240.0,80.0
2378.8,178.4,237.9,79.3
1771.6,132.9,177.2,59.1
2818.9,211.4,281.9,94.0
3315.1,248.6,331.5,110.5
1817.9,136.3,181.8,60.6
2956.7,221.7,295.7,98.6
1376.1,103.2,137.6,45.9
2813.7,211.0,281.4,93.8
1796.4,134.7,179.6,59.9
1892.1,141.9,189.2,63.1
3121.4,234.1,312.1,104.0
2577.9,193.3,257.8,85.9
3816.1,286.2,381.6,127.2
1759.5,132.0,176.0,58.7
2905.1,217.9,290.5,96.8
2705.2,202.9,270.5,90.2
2056.9,154.3,205.7,68.6
1554.5,116.6,155.5,51.8
2082.0,156.2,208.2,69.4
3298.9,247.4,329.9,110.0
2466.1,185.0,246.6,82.2
2104.8,157.9,210.5,70.2
2477.4,185.8,247.7,82.6
1215.7,91.2,121.6,40.5
2632.7,197.5,263.3,87.8
3192.3,239.4,319.2,106.4
2758.0,206.9,275.8,91.9
2104.4,157.8,210.4,70.1
2352.3,176.4,235.2,78.4
2205.7,165.4,220.6,73.5
2827.7,212.1,282.8,94.3
2927.5,219.6,292.8,97.6
2675.5,200.7,267.6,89.2
2238.4,167.9,223.8,74.6
2805.8,210.4,280.6,93.5
2646.7,198.5,264.7,88.2
1509.1,113.2,150.9,50.3
1775.2,133.1,177.5,59.2
3839.9,288.0,384.0,128.0
3360.1,252.0,336.0,112.0
2372.4,177.9,237.2,79.1
1937.6,145.3,193.8,64.6
2358.8,176.9,235.9,78.6
2771.9,207.9,277.2,92.4
2549.0,191.2,254.9,85.0
3407.2,255.5,340.7,113.6
1824.4,136.8,182.4,60.8
3454.9,259.1,345.5,115.2
1940.7,145.5,194.1,64.7
2934.9,220.1,293.5,97.8
2103.5,157.8,210.3,70.1
2256.3,169.2,225.6,75.2
2971.8,222.9,297.2,99.1
2855.1,214.1,285.5,95.2
2728.1,204.6,272.8,90.9
3229.1,242.2,322.9,107.6
2906.6,218.0,290.7,96.9
1247.2,93.5,124.7,41.6
3769.2,282.7,376.9,125.6
2050.6,153.8,205.1,68.4
3373.0,253.0,337.3,112.4
1452.2,108.9,145.2,48.4
3452.8,259.0,345.3,115.1
2800.2,210.0,280.0,93.3
2955.7,221.7,295.6,98.5
2755.0,206.6,275.5,91.8
2561.2,192.1,256.1,85.4
1690.9,126.8,169.1,56.4
1738.7,130.4,173.9,58.0
2034.4,152.6,203.4,67.8
2953.6,221.5,295.4,98.5
3740.0,280.5,374.0,124.7
3235.2,242.6,323.5,107.8
3004.8,225.4,300.5,100.2
3425.9,256.9,342.6,114.2
3831.2,287.3,383.1,127.7
1591.6,119.4,159.2,53.1
2473.8,185.5,247.4,82.5
2006.7,150.5,200.7,66.9
3044.2,228.3,304.4,101.5
1575.9,118.2,157.6,52.5
2563.9,192.3,256.4,85.5
2291.8,171.9,229.2,76.4
3121.8,234.1,312.2,104.1
2231.3,167.4,223.1,74.4
1427.5,107.1,142.8,47.6
1200.0,90.0,120.0,40.0
1450.1,108.8,145.0,48.3
2504.4,187.8,250.4,83.5
3323.6,249.3,332.4,110.8
2322.1,174.2,232.2,77.4
2308.8,173.2,230.9,77.0
1647.1,123.5,164.7,54.9
2722.3,204.2,272.2,90.7
2917.1,218.8,291.7,97.2
1992.8,149.5,199.3,66.4
1802.5,135.2,180.2,60.1
2267.8,170.1,226.8,75.6
3128.9,234.7,312.9,104.3
1597.4,119.8,159.7,53.2
2185.3,163.9,218.5,72.8
2293.5,172.0,229.4,76.4
1200.0,90.0,120.0,40.0
2251.0,168.8,225.1,75.0
2076.9,155.8,207.7,69.2
2020.1,151.5,202.0,67.3
2641.5,198.1,264.1,88.0
2801.5,210.1,280.2,93.4
2179.5,163.5,218.0,72.7
1900.6,142.5,190.1,63.4
2593.1,194.5,259.3,86.4
1364.7,102.4,136.5,45.5
2551.9,191.4,255.2,85.1
2454.0,184.1,245.4,81.8
1617.9,121.3,161.8,53.9
2638.5,197.9,263.8,87.9
3346.6,251.0,334.7,111.6
1778.8,133.4,177.9,59.3
3191.9,239.4,319.2,106.4
2469.3,185.2,246.9,82.3
3018.4,226.4,301.8,100.6
1947.7,146.1,194.8,64.9
2688.6,201.6,268.9,89.6
1967.6,147.6,196.8,65.6
2323.3,174.2,232.3,77.4
3003.7,225.3,300.4,100.1
1368.5,102.6,136.8,45.6
2482.9,186.2,248.3,82.8
3080.5,231.0,308.1,102.7
1809.2,135.7,180.9,60.3
1664.4,124.8,166.4,55.5
3007.7,225.6,300.8,100.3
2635.9,197.7,263.6,87.9
2099.4,157.5,209.9,70.0
3724.7,279.4,372.5,124.2
1330.7,99.8,133.1,44.4
1377.6,103.3,137.8,45.9
2265.4,169.9,226.5,75.5
1816.5,136.2,181.7,60.5
1974.1,148.1,197.4,65.8
1753.0,131.5,175.3,58.4
2323.3,174.2,232.3,77.4
1537.9,115.3,153.8,51.3
1656.0,124.2,165.6,55.2
2498.7,187.4,249.9,83.3
1692.6,126.9,169.3,56.4
2776.3,208.2,277.6,92.5
2027.8,152.1,202.8,67.6
3151.0,236.3,315.1,105.0
3292.4,246.9,329.2,109.7
1586.4,119.0,158.6,52.9
3031.9,227.4,303.2,101.1
2953.0,221.5,295.3,98.4
2687.9,201.6,268.8,89.6
2973.9,223.0,297.4,99.1
3832.1,287.4,383.2,127.7
1836.2,137.7,183.6,61.2
2029.5,152.2,202.9,67.6
2527.3,189.5,252.7,84.2
3252.4,243.9,325.2,108.4
3012.7,226.0,301.3,100.4
2118.4,158.9,211.8,70.6
2490.5,186.8,249.0,83.0
2944.6,220.8,294.5,98.2
1944.9,145.9,194.5,64.8
2270.1,170.3,227.0,75.7
2470.4,185.3,247.0,82.3
2676.4,200.7,267.6,89.2
2690.6,201.8,269.1,89.7
3555.7,266.7,355.6,118.5
1742.6,130.7,174.3,58.1
1606.0,120.4,160.6,53.5
2506.8,188.0,250.7,83.6
2778.8,208.4,277.9,92.6
3148.6,236.1,314.9,105.0
2782.7,208.7,278.3,92.8
2296.2,172.2,229.6,76.5
2156.7,161.8,215.7,71.9
2471.3,185.4,247.1,82.4
1777.2,133.3,177.7,59.2
2484.8,186.4,248.5,82.8
3925.7,294.4,392.6,130.9
3342.0,250.6,334.2,111.4
3404.6,255.3,340.5,113.5
1412.2,105.9,141.2,47.1
2132.3,159.9,213.2,71.1
2987.8,224.1,298.8,99.6
2360.4,177.0,236.0,78.7
3138.2,235.4,313.8,104.6
2155.9,161.7,215.6,71.9
2218.1,166.4,221.8,73.9
2749.3,206.2,274.9,91.6
2249.9,168.7,225.0,75.0
3299.3,247.5,329.9,110.0
1989.5,149.2,199.0,66.3
2895.2,217.1,289.5,96.5
2196.4,164.7,219.6,73.2
2114.9,158.6,211.5,70.5
1425.5,106.9,142.6,47.5
2421.5,181.6,242.2,80.7
1845.8,138.4,184.6,61.5
2362.0,177.1,236.2,78.7
2661.4,199.6,266.1,88.7
2598.1,194.9,259.8,86.6
2948.9,221.2,294.9,98.3
2871.5,215.4,287.1,95.7
2791.8,209.4,279.2,93.1
2217.1,166.3,221.7,73.9
3641.6,273.1,364.2,121.4
2174.1,163.1,217.4,72.5
1975.2,148.1,197.5,65.8
1980.6,148.5,198.1,66.0
3575.8,268.2,357.6,119.2
2913.8,218.5,291.4,97.1
1789.5,134.2,179.0,59.7
1854.7,139.1,185.5,61.8
2989.9,224.2,299.0,99.7
3135.0,235.1,313.5,104.5
1480.7,111.1,148.1,49.4
2323.1,174.2,232.3,77.4
2468.5,185.1,246.9,82.3
2413.1,181.0,241.3,80.4
2514.5,188.6,251.4,83.8
3735.1,280.1,373.5,124.5
2995.8,224.7,299.6,99.9
2150.9,161.3,215.1,71.7
2322.1,174.2,232.2,77.4
1266.0,95.0,126.6,42.2
1200.0,90.0,120.0,40.0
2418.3,181.4,241.8,80.6
1685.1,126.4,168.5,56.2
2898.6,217.4,289.9,96.6
1864.8,139.9,186.5,62.2
3020.5,226.5,302.1,100.7
2528.7,189.7,252.9,84.3
3027.1,227.0,302.7,100.9
3042.6,228.2,304.3,101.4
2175.2,163.1,217.5,72.5
3316.1,248.7,331.6,110.5
3577.2,268.3,357.7,119.2
2076.4,155.7,207.6,69.2
4002.6,300.2,400.3,133.4
2126.3,159.5,212.6,70.9
1853.8,139.0,185.4,61.8
2064.9,154.9,206.5,68.8
1673.4,125.5,167.3,55.8
1994.4,149.6,199.4,66.5
1282.9,96.2,128.3,42.8
3082.3,231.2,308.2,102.7
2355.1,176.6,235.5,78.5
2921.3,219.1,292.1,97.4
3099.5,232.5,309.9,103.3
2306.5,173.0,230.7,76.9
1788.5,134.1,178.9,59.6
2526.9,189.5,252.7,84.2
2270.2,170.3,227.0,75.7
2793.5,209.5,279.4,93.1
3953.9,296.5,395.4,131.8
2313.7,173.5,231.4,77.1
3020.0,226.5,302.0,100.7
3600.3,270.0,360.0,120.0
2850.1,213.8,285.0,95.0
2635.3,197.6,263.5,87.8
1936.0,145.2,193.6,64.5
3088.8,231.7,308.9,103.0
2898.8,217.4,289.9,96.6
2725.3,204.4,272.5,90.8
3122.7,234.2,312.3,104.1
2833.7,212.5,283.4,94.5
1967.0,147.5,196.7,65.6
2387.8,179.1,238.8,79.6
1200.0,90.0,120.0,40.0
1972.1,147.9,197.2,65.7
1692.5,126.9,169.2,56.4
1960.0,147.0,196.0,65.3
2586.1,194.0,258.6,86.2
2632.7,197.5,263.3,87.8
2395.8,179.7,239.6,79.9
1262.8,94.7,126.3,42.1
3053.5,229.0,305.3,101.8
2852.1,213.9,285.2,95.1
1200.0,90.0,120.0,40.0
2590.9,194.3,259.1,86.4
1691.8,126.9,169.2,56.4
2293.9,172.0,229.4,76.5
2304.6,172.8,230.5,76.8
3169.9,237.7,317.0,105.7
2411.3,180.8,241.1,80.4
1971.7,147.9,197.2,65.7
2822.9,211.7,282.3,94.1
1200.0,90.0,120.0,40.0
2267.8,170.1,226.8,75.6
3417.9,256.3,341.8,113.9
2486.0,186.5,248.6,82.9
3001.3,225.1,300.1,100.0
1643.3,123.3,164.3,54.8
2413.9,181.0,241.4,80.5
1517.6,113.8,151.8,50.6
1255.7,94.2,125.6,41.9
2440.9,183.1,244.1,81.4
2297.5,172.3,229.7,76.6
1832.0,137.4,183.2,61.1
2327.4,174.6,232.7,77.6
2828.7,212.2,282.9,94.3
2116.1,158.7,211.6,70.5
2839.6,213.0,284.0,94.7
2372.4,177.9,237.2,79.1
3165.6,237.4,316.6,105.5
2927.1,219.5,292.7,97.6
2237.7,167.8,223.8,74.6
1580.2,118.5,158.0,52.7
2061.2,154.6,206.1,68.7
3164.1,237.3,316.4,105.5
2185.8,163.9,218.6,72.9
3028.3,227.1,302.8,100.9
2367.8,177.6,236.8,78.9
3053.6,229.0,305.4,101.8
2403.0,180.2,240.3,80.1
1759.8,132.0,176.0,58.7
2429.8,182.2,243.0,81.0
3008.3,225.6,300.8,100.3
1557.7,116.8,155.8,51.9
2348.8,176.2,234.9,78.3
1471.8,110.4,147.2,49.1
2178.6,163.4,217.9,72.6
3450.1,258.8,345.0,115.0
1701.0,127.6,170.1,56.7
1947.2,146.0,194.7,64.9
2216.0,166.2,221.6,73.9
2215.4,166.2,221.5,73.8
2236.3,167.7,223.6,74.5
2754.9,206.6,275.5,91.8
1885.6,141.4,188.6,62.9
2382.9,178.7,238.3,79.4
1783.5,133.8,178.3,59.4
1661.0,124.6,166.1,55.4
2754.0,206.5,275.4,91.8
2592.7,194.5,259.3,86.4
2192.5,164.4,219.3,73.1
2262.0,169.7,226.2,75.4
1200.0,90.0,120.0,40.0
2841.4,213.1,284.1,94.7
1803.7,135.3,180.4,60.1
1523.8,114.3,152.4,50.8
2863.2,214.7,286.3,95.4
2266.0,169.9,226.6,75.5
2965.9,222.4,296.6,98.9
2804.9,210.4,280.5,93.5
2773.9,208.0,277.4,92.5
2489.8,186.7,249.0,83.0
1200.0,90.0,120.0,40.0
1587.8,119.1,158.8,52.9
1258.0,94.3,125.8,41.9
2013.2,151.0,201.3,67.1
2860.6,214.5,286.1,95.4
2279.1,170.9,227.9,76.0
1364.7,102.4,136.5,45.5
1200.0,90.0,120.0,40.0
1322.2,99.2,132.2,44.1
1991.7,149.4,199.2,66.4
1375.3,103.1,137.5,45.8
2493.7,187.0,249.4,83.1
1966.2,147.5,196.6,65.5
1752.5,131.4,175.3,58.4
2521.9,189.1,252.2,84.1
2741.9,205.6,274.2,91.4
2007.9,150.6,200.8,66.9
2206.7,165.5,220.7,73.6
3292.8,247.0,329.3,109.8
1529.8,114.7,153.0,51.0
2476.3,185.7,247.6,82.5
2012.8,151.0,201.3,67.1
3317.0,248.8,331.7,110.6
1352.5,101.4,135.2,45.1
1721.2,129.1,172.1,57.4
2654.0,199.0,265.4,88.5
3418.8,256.4,341.9,114.0
1735.0,130.1,173.5,57.8
1493.9,112.0,149.4,49.8
2408.7,180.7,240.9,80.3
3143.7,235.8,314.4,104.8
3434.5,257.6,343.4,114.5
4044.4,303.3,404.4,134.8
2812.3,210.9,281.2,93.7
1359.0,101.9,135.9,45.3
3361.1,252.1,336.1,112.0
3330.1,249.8,333.0,111.0
1766.7,132.5,176.7,58.9
2379.9,178.5,238.0,79.3
2424.8,181.9,242.5,80.8
2701.9,202.6,270.2,90.1
3064.2,229.8,306.4,102.1
3329.5,249.7,332.9,111.0
2207.2,165.5,220.7,73.6
2126.7,159.5,212.7,70.9
2020.5,151.5,202.1,67.4
3887.9,291.6,388.8,129.6
2856.4,214.2,285.6,95.2
1929.0,144.7,192.9,64.3
1749.6,131.2,175.0,58.3
2155.0,161.6,215.5,71.8
1200.0,90.0,120.0,40.0
2628.1,197.1,262.8,87.6
2135.3,160.2,213.5,71.2
2401.1,180.1,240.1,80.0
3321.6,249.1,332.2,110.7
1955.7,146.7,195.6,65.2
3055.8,229.2,305.6,101.9
1790.2,134.3,179.0,59.7
2367.3,177.6,236.7,78.9
2262.3,169.7,226.2,75.4
2546.6,191.0,254.7,84.9
2527.9,189.6,252.8,84.3
2970.2,222.8,297.0,99.0
2740.4,205.5,274.0,91.3
1285.1,96.4,128.5,42.8
2186.2,164.0,218.6,72.9
3213.4,241.0,321.3,107.1
2228.4,167.1,222.8,74.3
2727.0,204.5,272.7,90.9
2142.9,160.7,214.3,71.4
2742.1,205.7,274.2,91.4
3333.4,250.0,333.3,111.1
1975.0,148.1,197.5,65.8
3204.6,240.3,320.5,106.8
2508.4,188.1,250.8,83.6
1200.0,90.0,120.0,40.0
2015.7,151.2,201.6,67.2
3233.9,242.5,323.4,107.8
1634.0,122.6,163.4,54.5
1979.8,148.5,198.0,66.0
2752.3,206.4,275.2,91.7
1994.8,149.6,199.5,66.5
3103.7,232.8,310.4,103.5
2428.8,182.2,242.9,81.0
3248.4,243.6,324.8,108.3
1363.6,102.3,136.4,45.5
2275.7,170.7,227.6,75.9
2228.3,167.1,222.8,74.3
2329.3,174.7,232.9,77.6
2506.0,187.9,250.6,83.5
3052.9,229.0,305.3,101.8
2966.8,222.5,296.7,98.9
2843.6,213.3,284.4,94.8
2655.5,199.2,265.6,88.5
2851.9,213.9,285.2,95.1
1461.1,109.6,146.1,48.7
1914.0,143.5,191.4,63.8
2726.4,204.5,272.6,90.9
2252.0,168.9,225.2,75.1
2143.5,160.8,214.3,71.4
2375.9,178.2,237.6,79.2
3725.2,279.4,372.5,124.2
1200.0,90.0,120.0,40.0
2849.1,213.7,284.9,95.0
1923.0,144.2,192.3,64.1
3014.5,226.1,301.4,100.5
1200.0,90.0,120.0,40.0
2646.8,198.5,264.7,88.2
2272.0,170.4,227.2,75.7
2547.8,191.1,254.8,84.9
1460.5,109.5,146.1,48.7
2891.3,216.8,289.1,96.4
2469.8,185.2,247.0,82.3
1893.4,142.0,189.3,63.1
2760.7,207.1,276.1,92.0
1793.8,134.5,179.4,59.8
2523.5,189.3,252.4,84.1
2459.6,184.5,246.0,82.0
4347.5,326.1,434.7,144.9
2301.8,172.6,230.2,76.7
2310.8,173.3,231.1,77.0
2223.3,166.7,222.3,74.1
2775.3,208.1,277.5,92.5
2576.0,193.2,257.6,85.9
1351.1,101.3,135.1,45.0
3714.5,278.6,371.5,123.8
2523.5,189.3,252.4,84.1
3147.5,236.1,314.7,104.9
3654.6,274.1,365.5,121.8
3199.5,240.0,319.9,106.6
2984.2,223.8,298.4,99.5
2452.4,183.9,245.2,81.7
1998.9,149.9,199.9,66.6
2574.8,193.1,257.5,85.8
2912.8,218.5,291.3,97.1
2177.8,163.3,217.8,72.6
3219.5,241.5,321.9,107.3
1643.5,123.3,164.3,54.8
1861.4,139.6,186.1,62.0
2075.2,155.6,207.5,69.2
2395.2,179.6,239.5,79.8
2809.6,210.7,281.0,93.7
2120.6,159.0,212.1,70.7
1570.6,117.8,157.1,52.4
1784.2,133.8,178.4,59.5
2265.4,169.9,226.5,75.5
2351.3,176.3,235.1,78.4
2949.9,221.2,295.0,98.3
2284.8,171.4,228.5,76.2
2526.3,189.5,252.6,84.2
2172.5,162.9,217.2,72.4
2271.7,170.4,227.2,75.7
2189.8,164.2,219.0,73.0
2389.7,179.2,239.0,79.7
2378.8,178.4,237.9,79.3
3438.8,257.9,343.9,114.6
2680.4,201.0,268.0,89.3
2288.3,171.6,228.8,76.3
3003.2,225.2,300.3,100.1
1362.2,102.2,136.2,45.4
1909.0,143.2,190.9,63.6
2054.1,154.1,205.4,68.5
1563.6,117.3,156.4,52.1
1730.1,129.8,173.0,57.7
1611.1,120.8,161.1,53.7
3092.0,231.9,309.2,103.1
3192.9,239.5,319.3,106.4
2188.9,164.2,218.9,73.0
2114.6,158.6,211.5,70.5
2969.0,222.7,296.9,99.0
2712.7,203.5,271.3,90.4
1225.1,91.9,122.5,40.8
1524.4,114.3,152.4,50.8
1656.5,124.2,165.6,55.2
2166.9,162.5,216.7,72.2
3265.4,244.9,326.5,108.8
2065.4,154.9,206.5,68.8
2712.7,203.5,271.3,90.4
2232.8,167.5,223.3,74.4
3023.9,226.8,302.4,100.8
2575.0,193.1,257.5,85.8
3266.2,245.0,326.6,108.9
3038.9,227.9,303.9,101.3
2332.4,174.9,233.2,77.7
3188.1,239.1,318.8,106.3
1215.5,91.2,121.5,40.5
1869.8,140.2,187.0,62.3
1914.6,143.6,191.5,63.8
2350.8,176.3,235.1,78.4
2236.3,167.7,223.6,74.5
4342.3,325.7,434.2,144.7
1597.5,119.8,159.8,53.3
3026.5,227.0,302.6,100.9
2002.0,150.2,200.2,66.7
1329.1,99.7,132.9,44.3
2116.8,158.8,211.7,70.6
2737.4,205.3,273.7,91.2
2491.3,186.9,249.1,83.0
3724.5,279.3,372.4,124.1
2176.6,163.2,217.7,72.6
2375.9,178.2,237.6,79.2
2274.8,170.6,227.5,75.8
2460.6,184.5,246.1,82.0
2308.8,173.2,230.9,77.0
2287.2,171.5,228.7,76.2
2719.8,204.0,272.0,90.7
3604.2,270.3,360.4,120.1
1537.1,115.3,153.7,51.2
1719.9,129.0,172.0,57.3
1200.0,90.0,120.0,40.0
2004.8,150.4,200.5,66.8
1285.0,96.4,128.5,42.8
2075.1,155.6,207.5,69.2
2122.2,159.2,212.2,70.7
2001.0,150.1,200.1,66.7
1872.3,140.4,187.2,62.4
2704.4,202.8,270.4,90.1
2672.3,200.4,267.2,89.1
2406.8,180.5,240.7,80.2
2323.8,174.3,232.4,77.5
2426.3,182.0,242.6,80.9
3597.9,269.8,359.8,119.9
2380.1,178.5,238.0,79.3
2491.5,186.9,249.2,83.1
2575.6,193.2,257.6,85.9
1968.4,147.6,196.8,65.6
3022.9,226.7,302.3,100.8
1736.7,130.2,173.7,57.9
2188.4,164.1,218.8,72.9
2044.5,153.3,204.4,68.1
1796.2,134.7,179.6,59.9
2732.7,205.0,273.3,91.1
2966.8,222.5,296.7,98.9
2549.0,191.2,254.9,85.0
1463.7,109.8,146.4,48.8
2961.0,222.1,296.1,98.7
2477.8,185.8,247.8,82.6
2688.4,201.6,268.8,89.6
2821.1,211.6,282.1,94.0
1650.0,123.8,165.0,55.0
1938.9,145.4,193.9,64.6
1678.0,125.9,167.8,55.9
1259.3,94.5,125.9,42.0
2377.6,178.3,237.8,79.3
2877.4,215.8,287.7,95.9
3815.0,286.1,381.5,127.2
2475.1,185.6,247.5,82.5
2566.8,192.5,256.7,85.6
1890.3,141.8,189.0,63.0
1655.8,124.2,165.6,55.2
2854.9,214.1,285.5,95.2
1576.9,118.3,157.7,52.6
3505.2,262.9,350.5,116.8
3269.5,245.2,327.0,109.0
2277.0,170.8,227.7,75.9
2395.1,179.6,239.5,79.8
1200.0,90.0,120.0,40.0
2277.1,170.8,227.7,75.9
2198.6,164.9,219.9,73.3
2339.8,175.5,234.0,78.0
2760.2,207.0,276.0,92.0
2589.6,194.2,259.0,86.3
2070.7,155.3,207.1,69.0
2190.3,164.3,219.0,73.0
2100.6,157.5,210.1,70.0
2717.8,203.8,271.8,90.6
2853.0,214.0,285.3,95.1
3484.1,261.3,348.4,116.1
3091.8,231.9,309.2,103.1
2132.8,160.0,213.3,71.1
1507.0,113.0,150.7,50.2
2389.4,179.2,238.9,79.6
2325.7,174.4,232.6,77.5
2990.1,224.3,299.0,99.7
2210.9,165.8,221.1,73.7
3564.9,267.4,356.5,118.8
3043.1,228.2,304.3,101.4
2492.4,186.9,249.2,83.1
2330.3,174.8,233.0,77.7
3003.2,225.2,300.3,100.1
2634.3,197.6,263.4,87.8
1817.0,136.3,181.7,60.6
3479.3,260.9,347.9,116.0
1990.8,149.3,199.1,66.4
2981.8,223.6,298.2,99.4
2545.7,190.9,254.6,84.9
1236.7,92.8,123.7,41.2
2457.6,184.3,245.8,81.9
2044.5,153.3,204.5,68.2
3600.7,270.1,360.1,120.0
1419.3,106.4,141.9,47.3
1916.2,143.7,191.6,63.9
1744.1,130.8,174.4,58.1
2140.0,160.5,214.0,71.3
3250.5,243.8,325.0,108.3
2553.1,191.5,255.3,85.1
2597.4,194.8,259.7,86.6
1760.5,132.0,176.1,58.7
2432.8,182.5,243.3,81.1
2586.7,194.0,258.7,86.2
1804.8,135.4,180.5,60.2
1302.7,97.7,130.3,43.4
3239.4,243.0,323.9,108.0
1511.7,113.4,151.2,50.4
2930.3,219.8,293.0,97.7
2545.1,190.9,254.5,84.8
2165.8,162.4,216.6,72.2
1636.8,122.8,163.7,54.6
1200.0,90.0,120.0,40.0
2074.7,155.6,207.5,69.2
3094.4,232.1,309.4,103.1
1956.3,146.7,195.6,65.2
2779.3,208.4,277.9,92.6
2841.0,213.1,284.1,94.7
2638.2,197.9,263.8,87.9
2332.7,174.9,233.3,77.8
2110.2,158.3,211.0,70.3
2078.5,155.9,207.9,69.3
1877.6,140.8,187.8,62.6
2190.2,164.3,219.0,73.0
1932.3,144.9,193.2,64.4
1792.8,134.5,179.3,59.8
2624.8,196.9,262.5,87.5
1362.9,102.2,136.3,45.4
3589.6,269.2,359.0,119.7
2151.5,161.4,215.2,71.7
2468.7,185.2,246.9,82.3
1908.8,143.2,190.9,63.6
1842.2,138.2,184.2,61.4
3317.2,248.8,331.7,110.6
2461.7,184.6,246.2,82.1
3224.5,241.8,322.4,107.5
1200.0,90.0,120.0,40.0
3583.0,268.7,358.3,119.4
1251.0,93.8,125.1,41.7
2586.9,194.0,258.7,86.2
3101.3,232.6,310.1,103.4
2698.8,202.4,269.9,90.0
1723.5,129.3,172.3,57.4
1774.6,133.1,177.5,59.2
3138.3,235.4,313.8,104.6
2857.9,214.3,285.8,95.3
2327.6,174.6,232.8,77.6
2789.8,209.2,279.0,93.0
2034.8,152.6,203.5,67.8
2067.0,155.0,206.7,68.9
1200.0,90.0,120.0,40.0
2049.8,153.7,205.0,68.3
1891.2,141.8,189.1,63.0
2918.9,218.9,291.9,97.3
1873.0,140.5,187.3,62.4
2332.4,174.9,233.2,77.7
2588.8,194.2,258.9,86.3
2608.6,195.6,260.9,87.0
2485.8,186.4,248.6,82.9
3302.2,247.7,330.2,110.1
3795.3,284.6,379.5,126.5
1792.0,134.4,179.2,59.7
2368.4,177.6,236.8,78.9
3181.4,238.6,318.1,106.0
1871.9,140.4,187.2,62.4
2539.1,190.4,253.9,84.6
1914.0,143.5,191.4,63.8
3298.5,247.4,329.9,109.9
3027.8,227.1,302.8,100.9
2295.6,172.2,229.6,76.5
3143.3,235.7,314.3,104.8
2750.5,206.3,275.1,91.7
1524.8,114.4,152.5,50.8
1815.5,136.2,181.6,60.5
2253.1,169.0,225.3,75.1
3093.2,232.0,309.3,103.1
2588.0,194.1,258.8,86.3
3237.6,242.8,323.8,107.9
2989.0,224.2,298.9,99.6
1215.7,91.2,121.6,40.5
1761.4,132.1,176.1,58.7
2597.4,194.8,259.7,86.6
1702.8,127.7,170.3,56.8
2656.2,199.2,265.6,88.5
2911.6,218.4,291.2,97.1
2945.7,220.9,294.6,98.2
3373.0,253.0,337.3,112.4
2833.5,212.5,283.4,94.4
2749.4,206.2,274.9,91.6
2143.1,160.7,214.3,71.4
2609.9,195.7,261.0,87.0
1485.1,111.4,148.5,49.5
2012.1,150.9,201.2,67.1
2217.6,166.3,221.8,73.9
3106.5,233.0,310.7,103.6
3841.6,288.1,384.2,128.1
2969.1,222.7,296.9,99.0
2112.6,158.4,211.3,70.4
3282.2,246.2,328.2,109.4
1840.4,138.0,184.0,61.3
1916.8,143.8,191.7,63.9
3051.2,228.8,305.1,101.7
1374.7,103.1,137.5,45.8
1829.8,137.2,183.0,61.0
1732.5,129.9,173.2,57.7
1955.8,146.7,195.6,65.2
2094.3,157.1,209.4,69.8
1806.9,135.5,180.7,60.2
2620.9,196.6,262.1,87.4
3037.8,227.8,303.8,101.3
2130.2,159.8,213.0,71.0
2772.5,207.9,277.3,92.4
1877.2,140.8,187.7,62.6
2743.8,205.8,274.4,91.5
2689.2,201.7,268.9,89.6
3360.2,252.0,336.0,112.0
2393.5,179.5,239.3,79.8
3125.1,234.4,312.5,104.2
2345.8,175.9,234.6,78.2
1623.1,121.7,162.3,54.1
1758.5,131.9,175.8,58.6
3289.1,246.7,328.9,109.6
2495.9,187.2,249.6,83.2
4091.0,306.8,409.1,136.4
2628.0,197.1,262.8,87.6
2384.4,178.8,238.4,79.5
2221.1,166.6,222.1,74.0
2635.6,197.7,263.6,87.9
3124.4,234.3,312.4,104.1
2266.3,170.0,226.6,75.5
1654.6,124.1,165.5,55.2
1804.8,135.4,180.5,60.2
2557.0,191.8,255.7,85.2
4212.4,315.9,421.2,140.4
2296.1,172.2,229.6,76.5
2804.8,210.4,280.5,93.5
1795.7,134.7,179.6,59.9
3248.2,243.6,324.8,108.3
1943.4,145.8,194.3,64.8
1502.8,112.7,150.3,50.1
2222.6,166.7,222.3,74.1
2666.9,200.0,266.7,88.9
3047.9,228.6,304.8,101.6
3139.1,235.4,313.9,104.6
3660.8,274.6,366.1,122.0
3005.4,225.4,300.5,100.2
2170.1,162.8,217.0,72.3
2711.5,203.4,271.2,90.4
2532.8,190.0,253.3,84.4
1939.6,145.5,194.0,64.7
2984.5,223.8,298.4,99.5
3354.5,251.6,335.4,111.8
2588.5,194.1,258.8,86.3
2300.8,172.6,230.1,76.7
3037.3,227.8,303.7,101.2
2979.8,223.5,298.0,99.3
2283.5,171.3,228.4,76.1
1369.4,102.7,136.9,45.6
2517.0,188.8,251.7,83.9
2864.4,214.8,286.4,95.5
3660.1,274.5,366.0,122.0
1615.0,121.1,161.5,53.8
2538.6,190.4,253.9,84.6
2466.8,185.0,246.7,82.2
2089.3,156.7,208.9,69.6
2801.6,210.1,280.2,93.4
3214.5,241.1,321.5,107.1
1213.8,91.0,121.4,40.5
2873.0,215.5,287.3,95.8
2963.1,222.2,296.3,98.8
2556.4,191.7,255.6,85.2
1440.7,108.1,144.1,48.0
1668.1,125.1,166.8,55.6
1625.6,121.9,162.6,54.2
1520.3,114.0,152.0,50.7
1858.0,139.4,185.8,61.9
2406.2,180.5,240.6,80.2
1816.9,136.3,181.7,60.6
2162.9,162.2,216.3,72.1
1715.8,128.7,171.6,57.2
1635.0,122.6,163.5,54.5
2311.4,173.4,231.1,77.0
2529.0,189.7,252.9,84.3
2969.4,222.7,296.9,99.0
2876.1,215.7,287.6,95.9
3440.5,258.0,344.1,114.7
3235.0,242.6,323.5,107.8
2295.4,172.2,229.5,76.5
2344.9,175.9,234.5,78.2
2519.6,189.0,252.0,84.0
2108.5,158.1,210.8,70.3
2784.2,208.8,278.4,92.8
2827.3,212.0,282.7,94.2
1800.0,135.0,180.0,60.0
1981.1,148.6,198.1,66.0
2524.8,189.4,252.5,84.2
1857.0,139.3,185.7,61.9
3473.9,260.5,347.4,115.8
2854.8,214.1,285.5,95.2
1640.5,123.0,164.1,54.7
2136.4,160.2,213.6,71.2
1536.2,115.2,153.6,51.2
1203.8,90.3,120.4,40.1
1922.8,144.2,192.3,64.1
1800.0,135.0,180.0,60.0
2082.2,156.2,208.2,69.4
2897.9,217.3,289.8,96.6
2088.8,156.7,208.9,69.6
2526.1,189.5,252.6,84.2
2267.1,170.0,226.7,75.6
2762.4,207.2,276.2,92.1
3587.4,269.1,358.7,119.6
1872.5,140.4,187.3,62.4
2875.3,215.7,287.5,95.8
3324.5,249.3,332.5,110.8
1818.0,136.4,181.8,60.6
2782.1,208.7,278.2,92.7
1595.0,119.6,159.5,53.2
1952.3,146.4,195.2,65.1
2318.9,173.9,231.9,77.3
1277.9,95.8,127.8,42.6
1278.2,95.9,127.8,42.6
2751.6,206.4,275.2,91.7
1635.2,122.6,163.5,54.5
1896.1,142.2,189.6,63.2
1208.2,90.6,120.8,40.3
2588.0,194.1,258.8,86.3
1484.1,111.3,148.4,49.5
2675.8,200.7,267.6,89.2
3074.0,230.6,307.4,102.5
2760.9,207.1,276.1,92.0
3105.1,232.9,310.5,103.5
1891.1,141.8,189.1,63.0
2540.0,190.5,254.0,84.7
2337.4,175.3,233.7,77.9
3609.8,270.7,361.0,120.3
1544.3,115.8,154.4,51.5
2414.2,181.1,241.4,80.5
2413.4,181.0,241.3,80.4
2650.9,198.8,265.1,88.4
2834.6,212.6,283.5,94.5
2193.1,164.5,219.3,73.1
1540.2,115.5,154.0,51.3
1960.6,147.0,196.1,65.4
1419.7,106.5,142.0,47.3
1791.6,134.4,179.2,59.7
2218.2,166.4,221.8,73.9
2116.8,158.8,211.7,70.6
2169.3,162.7,216.9,72.3
2593.0,194.5,259.3,86.4
2343.2,175.7,234.3,78.1
2616.8,196.3,261.7,87.2
1410.2,105.8,141.0,47.0
2427.6,182.1,242.8,80.9
1869.0,140.2,186.9,62.3
2633.9,197.5,263.4,87.8
2297.6,172.3,229.8,76.6
3082.9,231.2,308.3,102.8
2369.3,177.7,236.9,79.0
3212.0,240.9,321.2,107.1
1915.0,143.6,191.5,63.8
2577.2,193.3,257.7,85.9
3539.3,265.4,353.9,118.0
1807.8,135.6,180.8,60.3
2518.6,188.9,251.9,84.0
2285.5,171.4,228.6,76.2
1748.5,131.1,174.9,58.3
2217.7,166.3,221.8,73.9
2291.4,171.9,229.1,76.4
2626.2,197.0,262.6,87.5
2271.2,170.3,227.1,75.7
1610.2,120.8,161.0,53.7
2565.9,192.4,256.6,85.5
2920.9,219.1,292.1,97.4
2277.9,170.8,227.8,75.9
2559.1,191.9,255.9,85.3
2807.0,210.5,280.7,93.6
1876.0,140.7,187.6,62.5
2754.0,206.5,275.4,91.8
2324.2,174.3,232.4,77.5
3407.5,255.6,340.7,113.6
2530.2,189.8,253.0,84.3
2264.7,169.9,226.5,75.5
2074.7,155.6,207.5,69.2
2286.2,171.5,228.6,76.2
2309.9,173.2,231.0,77.0
2047.0,153.5,204.7,68.2
2299.0,172.4,229.9,76.6
1387.5,104.1,138.8,46.3
2240.7,168.1,224.1,74.7
3016.5,226.2,301.7,100.6
3910.4,293.3,391.0,130.3
2323.4,174.3,232.3,77.4
3432.6,257.4,343.3,114.4
2230.3,167.3,223.0,74.3
2134.7,160.1,213.5,71.2
3328.6,249.6,332.9,111.0
2333.7,175.0,233.4,77.8
2640.3,198.0,264.0,88.0
2620.3,196.5,262.0,87.3
3601.6,270.1,360.2,120.1
3106.9,233.0,310.7,103.6
1200.0,90.0,120.0,40.0
2731.6,204.9,273.2,91.1
3067.7,230.1,306.8,102.3
1591.7,119.4,159.2,53.1
1558.4,116.9,155.8,51.9
1489.3,111.7,148.9,49.6
2430.8,182.3,243.1,81.0
2422.4,181.7,242.2,80.7
2526.0,189.5,252.6,84.2
3272.3,245.4,327.2,109.1
1200.0,90.0,120.0,40.0
2581.5,193.6,258.1,86.0
3898.9,292.4,389.9,130.0
2137.8,160.3,213.8,71.3
1578.3,118.4,157.8,52.6
3647.5,273.6,364.8,121.6
2670.7,200.3,267.1,89.0
1574.3,118.1,157.4,52.5
2132.8,160.0,213.3,71.1
2330.2,174.8,233.0,77.7
1963.9,147.3,196.4,65.5
2541.5,190.6,254.2,84.7
2440.9,183.1,244.1,81.4
1200.0,90.0,120.0,40.0
1200.0,90.0,120.0,40.0
2164.4,162.3,216.4,72.1
1691.0,126.8,169.1,56.4
1328.6,99.6,132.9,44.3
3624.5,271.8,362.4,120.8
2694.9,202.1,269.5,89.8
1880.5,141.0,188.1,62.7
2345.1,175.9,234.5,78.2
2727.4,204.6,272.7,90.9
2601.5,195.1,260.2,86.7
2838.7,212.9,283.9,94.6
3007.3,225.6,300.7,100.2
2798.2,209.9,279.8,93.3
2399.6,180.0,240.0,80.0
1761.6,132.1,176.2,58.7
2491.7,186.9,249.2,83.1
2862.7,214.7,286.3,95.4
2097.0,157.3,209.7,69.9
2282.6,171.2,228.3,76.1
2669.5,200.2,266.9,89.0
3043.8,228.3,304.4,101.5
2423.0,181.7,242.3,80.8
1868.8,140.2,186.9,62.3
2920.5,219.0,292.0,97.3
2584.0,193.8,258.4,86.1
3436.1,257.7,343.6,114.5
3018.1,226.4,301.8,100.6
2515.7,188.7,251.6,83.9
2991.0,224.3,299.1,99.7
2272.7,170.5,227.3,75.8
2685.4,201.4,268.5,89.5
3198.4,239.9,319.8,106.6
1908.4,143.1,190.8,63.6
2547.4,191.1,254.7,84.9
1469.3,110.2,146.9,49.0
1667.8,125.1,166.8,55.6
2411.6,180.9,241.2,80.4
2625.6,196.9,262.6,87.5
2350.5,176.3,235.0,78.3
2239.8,168.0,224.0,74.7
1959.8,147.0,196.0,65.3
1600.2,120.0,160.0,53.3
1865.2,139.9,186.5,62.2
2414.0,181.1,241.4,80.5
2889.8,216.7,289.0,96.3
3632.8,272.5,363.3,121.1
1998.7,149.9,199.9,66.6
1534.9,115.1,153.5,51.2
2953.5,221.5,295.3,98.4
2378.7,178.4,237.9,79.3
1906.9,143.0,190.7,63.6
1503.9,112.8,150.4,50.1
2113.8,158.5,211.4,70.5
1738.2,130.4,173.8,57.9
2673.3,200.5,267.3,89.1
2713.4,203.5,271.3,90.4
3148.1,236.1,314.8,104.9
2083.1,156.2,208.3,69.4
2766.5,207.5,276.6,92.2
2563.0,192.2,256.3,85.4
2767.4,207.6,276.7,92.2
1876.0,140.7,187.6,62.5
1688.8,126.7,168.9,56.3
2212.1,165.9,221.2,73.7
3715.3,278.6,371.5,123.8
2351.1,176.3,235.1,78.4
2834.6,212.6,283.5,94.5
3074.4,230.6,307.4,102.5
3179.4,238.5,317.9,106.0
2117.0,158.8,211.7,70.6
2865.9,214.9,286.6,95.5
1824.2,136.8,182.4,60.8
2778.3,208.4,277.8,92.6
2167.1,162.5,216.7,72.2
2502.9,187.7,250.3,83.4
2409.3,180.7,240.9,80.3
3350.2,251.3,335.0,111.7
3075.0,230.6,307.5,102.5
2254.9,169.1,225.5,75.2
1848.3,138.6,184.8,61.6
3455.9,259.2,345.6,115.2
1941.1,145.6,194.1,64.7
2345.6,175.9,234.6,78.2
2460.5,184.5,246.1,82.0
2589.2,194.2,258.9,86.3
1353.8,101.5,135.4,45.1
1938.4,145.4,193.8,64.6
3580.1,268.5,358.0,119.3
1652.7,124.0,165.3,55.1
2327.2,174.5,232.7,77.6
2279.0,170.9,227.9,76.0
1583.7,118.8,158.4,52.8
3499.6,262.5,350.0,116.7
3474.9,260.6,347.5,115.8
2166.8,162.5,216.7,72.2
3445.0,258.4,344.5,114.8
1969.5,147.7,197.0,65.7
2153.8,161.5,215.4,71.8
3569.4,267.7,356.9,119.0
1640.8,123.1,164.1,54.7
2319.4,174.0,231.9,77.3
2234.5,167.6,223.5,74.5
1849.8,138.7,185.0,61.7
2481.0,186.1,248.1,82.7
2384.4,178.8,238.4,79.5
2839.1,212.9,283.9,94.6
1769.4,132.7,176.9,59.0
2535.5,190.2,253.6,84.5
1219.8,91.5,122.0,40.7
1880.2,141.0,188.0,62.7
2158.3,161.9,215.8,71.9
1404.8,105.4,140.5,46.8
2005.6,150.4,200.6,66.9
2582.5,193.7,258.3,86.1
1892.0,141.9,189.2,63.1
1739.2,130.4,173.9,58.0
2699.0,202.4,269.9,90.0
1233.8,92.5,123.4,41.1
1349.3,101.2,134.9,45.0
2371.4,177.9,237.1,79.0
2971.6,222.9,297.2,99.1
1806.1,135.5,180.6,60.2
1619.8,121.5,162.0,54.0
2387.3,179.0,238.7,79.6
1814.3,136.1,181.4,60.5
2838.1,212.9,283.8,94.6
2183.2,163.7,218.3,72.8
3288.2,246.6,328.8,109.6
1590.5,119.3,159.0,53.0
3152.3,236.4,315.2,105.1
1912.8,143.5,191.3,63.8
2442.1,183.2,244.2,81.4
3127.2,234.5,312.7,104.2
2193.7,164.5,219.4,73.1
1957.2,146.8,195.7,65.2
2608.0,195.6,260.8,86.9
1776.6,133.2,177.7,59.2
2446.5,183.5,244.6,81.5
3545.4,265.9,354.5,118.2
2844.8,213.4,284.5,94.8
1631.7,122.4,163.2,54.4
2003.4,150.3,200.3,66.8
3357.5,251.8,335.8,111.9
3333.5,250.0,333.4,111.1
2972.6,222.9,297.3,99.1
1830.4,137.3,183.0,61.0
3495.5,262.2,349.6,116.5
2637.6,197.8,263.8,87.9
1899.8,142.5,190.0,63.3
3682.5,276.2,368.2,122.7
1993.4,149.5,199.3,66.4
1621.2,121.6,162.1,54.0
1200.0,90.0,120.0,40.0
1480.0,111.0,148.0,49.3
2019.5,151.5,202.0,67.3
2473.7,185.5,247.4,82.5
2850.4,213.8,285.0,95.0
1606.9,120.5,160.7,53.6
2139.4,160.5,213.9,71.3
2012.3,150.9,201.2,67.1
1394.2,104.6,139.4,46.5
2002.5,150.2,200.3,66.8
1243.8,93.3,124.4,41.5
1200.0,90.0,120.0,40.0
1968.4,147.6,196.8,65.6
2753.0,206.5,275.3,91.8
1963.6,147.3,196.4,65.5
1612.9,121.0,161.3,53.8
2735.4,205.2,273.5,91.2
2470.9,185.3,247.1,82.4
2700.4,202.5,270.0,90.0
1443.8,108.3,144.4,48.1
1623.5,121.8,162.4,54.1
1495.0,112.1,149.5,49.8
3049.2,228.7,304.9,101.6
1239.5,93.0,124.0,41.3
3291.4,246.9,329.1,109.7
2263.3,169.7,226.3,75.4
2489.6,186.7,249.0,83.0
2352.5,176.4,235.2,78.4
3837.3,287.8,383.7,127.9
2277.0,170.8,227.7,75.9
2293.2,172.0,229.3,76.4
2502.1,187.7,250.2,83.4
2152.4,161.4,215.2,71.7
1799.2,134.9,179.9,60.0
4120.2,309.0,412.0,137.3
2639.1,197.9,263.9,88.0
2483.5,186.3,248.4,82.8
1707.7,128.1,170.8,56.9
2765.0,207.4,276.5,92.2
2819.4,211.5,281.9,94.0
3022.3,226.7,302.2,100.7
2340.6,175.5,234.1,78.0
3348.0,251.1,334.8,111.6
1669.5,125.2,167.0,55.6
1916.5,143.7,191.7,63.9
2344.4,175.8,234.4,78.1
2452.1,183.9,245.2,81.7
1898.0,142.3,189.8,63.3
1990.1,149.3,199.0,66.3
3261.4,244.6,326.1,108.7
1200.0,90.0,120.0,40.0
3419.3,256.5,341.9,114.0
1832.2,137.4,183.2,61.1
3210.5,240.8,321.1,107.0
2275.7,170.7,227.6,75.9
2116.6,158.7,211.7,70.6
2487.1,186.5,248.7,82.9
2584.2,193.8,258.4,86.1
1315.0,98.6,131.5,43.8
2524.1,189.3,252.4,84.1
2069.9,155.2,207.0,69.0
2290.7,171.8,229.1,76.4
2175.3,163.1,217.5,72.5
2565.8,192.4,256.6,85.5
1888.3,141.6,188.8,62.9
2804.1,210.3,280.4,93.5
2448.9,183.7,244.9,81.6
1472.2,110.4,147.2,49.1
2446.7,183.5,244.7,81.6
2376.2,178.2,237.6,79.2
1684.9,126.4,168.5,56.2
2870.0,215.3,287.0,95.7
2379.5,178.5,237.9,79.3
3089.3,231.7,308.9,103.0
1851.0,138.8,185.1,61.7
1752.6,131.4,175.3,58.4
2892.2,216.9,289.2,96.4
1692.3,126.9,169.2,56.4
1654.1,124.1,165.4,55.1
2714.6,203.6,271.5,90.5
2124.6,159.3,212.5,70.8
1873.0,140.5,187.3,62.4
3295.4,247.2,329.5,109.8
1856.7,139.2,185.7,61.9
2016.6,151.2,201.7,67.2
1202.3,90.2,120.2,40.1
3241.5,243.1,324.2,108.1
1964.8,147.4,196.5,65.5
2209.9,165.7,221.0,73.7
1718.1,128.9,171.8,57.3
1327.5,99.6,132.7,44.2
2859.6,214.5,286.0,95.3
2848.1,213.6,284.8,94.9
3084.9,231.4,308.5,102.8
3029.0,227.2,302.9,101.0
2130.4,159.8,213.0,71.0
2372.6,177.9,237.3,79.1
1336.3,100.2,133.6,44.5
2238.3,167.9,223.8,74.6
1918.1,143.9,191.8,63.9
2135.7,160.2,213.6,71.2
1638.5,122.9,163.9,54.6
1820.5,136.5,182.1,60.7
2727.2,204.5,272.7,90.9
2196.7,164.8,219.7,73.2
1483.2,111.2,148.3,49.4
3454.7,259.1,345.5,115.2
3259.8,244.5,326.0,108.7
2765.8,207.4,276.6,92.2
1736.2,130.2,173.6,57.9
3151.4,236.4,315.1,105.0
3230.3,242.3,323.0,107.7
2506.9,188.0,250.7,83.6
3048.3,228.6,304.8,101.6
2559.6,192.0,256.0,85.3
2652.6,198.9,265.3,88.4
2115.2,158.6,211.5,70.5
1922.2,144.2,192.2,64.1
2279.4,171.0,227.9,76.0
2450.8,183.8,245.1,81.7
2856.1,214.2,285.6,95.2
2890.4,216.8,289.0,96.3
2434.7,182.6,243.5,81.2
2342.9,175.7,234.3,78.1
2464.2,184.8,246.4,82.1
2545.2,190.9,254.5,84.8
1723.9,129.3,172.4,57.5
2396.5,179.7,239.7,79.9
1619.0,121.4,161.9,54.0
2398.4,179.9,239.8,79.9
2546.8,191.0,254.7,84.9
1559.2,116.9,155.9,52.0
3575.4,268.2,357.5,119.2
2460.9,184.6,246.1,82.0
2598.4,194.9,259.8,86.6
1200.0,90.0,120.0,40.0
1971.4,147.9,197.1,65.7
1888.5,141.6,188.9,62.9
1744.2,130.8,174.4,58.1
2625.6,196.9,262.6,87.5
1389.9,104.2,139.0,46.3
3043.3,228.2,304.3,101.4
2462.7,184.7,246.3,82.1
3056.0,229.2,305.6,101.9
1213.1,91.0,121.3,40.4
3481.6,261.1,348.2,116.1
2627.0,197.0,262.7,87.6
2269.8,170.2,227.0,75.7
2866.1,215.0,286.6,95.5
1738.8,130.4,173.9,58.0
2033.7,152.5,203.4,67.8
2192.7,164.5,219.3,73.1
2297.1,172.3,229.7,76.6
2864.7,214.9,286.5,95.5
1967.5,147.6,196.8,65.6
1916.1,143.7,191.6,63.9
1436.6,107.7,143.7,47.9
1996.3,149.7,199.6,66.5
1483.8,111.3,148.4,49.5
2183.4,163.8,218.3,72.8
2741.3,205.6,274.1,91.4
1442.0,108.2,144.2,48.1
1853.5,139.0,185.4,61.8
2384.0,178.8,238.4,79.5
2520.7,189.1,252.1,84.0
2649.6,198.7,265.0,88.3
2364.8,177.4,236.5,78.8
1437.5,107.8,143.7,47.9
2321.6,174.1,232.2,77.4
2722.6,204.2,272.3,90.8
2261.5,169.6,226.1,75.4
1260.2,94.5,126.0,42.0
1666.6,125.0,166.7,55.6
2666.0,200.0,266.6,88.9
3000.1,225.0,300.0,100.0
2118.6,158.9,211.9,70.6
3279.4,246.0,327.9,109.3
3266.7,245.0,326.7,108.9
3016.3,226.2,301.6,100.5
2689.4,201.7,268.9,89.6
2881.8,216.1,288.2,96.1
3205.9,240.4,320.6,106.9
1446.1,108.5,144.6,48.2
2083.5,156.3,208.3,69.4
1664.2,124.8,166.4,55.5
1682.3,126.2,168.2,56.1
2493.3,187.0,249.3,83.1
3518.0,263.9,351.8,117.3
2588.4,194.1,258.8,86.3
1434.7,107.6,143.5,47.8
2658.8,199.4,265.9,88.6
2491.1,186.8,249.1,83.0
2494.5,187.1,249.5,83.2
1570.4,117.8,157.0,52.3
2848.7,213.6,284.9,95.0
1811.7,135.9,181.2,60.4
2594.1,194.6,259.4,86.5
2702.9,202.7,270.3,90.1
2814.4,211.1,281.4,93.8
3127.2,234.5,312.7,104.2
2489.8,186.7,249.0,83.0
2271.0,170.3,227.1,75.7
2507.1,188.0,250.7,83.6
1605.5,120.4,160.5,53.5
2916.5,218.7,291.7,97.2
1982.7,148.7,198.3,66.1
1807.0,135.5,180.7,60.2
2217.5,166.3,221.8,73.9
2565.2,192.4,256.5,85.5
1794.5,134.6,179.5,59.8
1523.5,114.3,152.3,50.8
3142.4,235.7,314.2,104.7
2088.8,156.7,208.9,69.6
3665.6,274.9,366.6,122.2
2606.9,195.5,260.7,86.9
1374.5,103.1,137.5,45.8
1812.1,135.9,181.2,60.4
3597.5,269.8,359.7,119.9
2011.0,150.8,201.1,67.0
3095.5,232.2,309.6,103.2
2021.6,151.6,202.2,67.4
2874.5,215.6,287.4,95.8
2888.2,216.6,288.8,96.3
2941.9,220.6,294.2,98.1
3035.1,227.6,303.5,101.2
3180.7,238.6,318.1,106.0
2837.4,212.8,283.7,94.6
1297.1,97.3,129.7,43.2
2351.8,176.4,235.2,78.4
1477.8,110.8,147.8,49.3
2982.9,223.7,298.3,99.4
2952.2,221.4,295.2,98.4
1988.5,149.1,198.9,66.3
1200.0,90.0,120.0,40.0
2222.6,166.7,222.3,74.1
3095.4,232.2,309.5,103.2
2049.8,153.7,205.0,68.3
2204.8,165.4,220.5,73.5
2259.5,169.5,226.0,75.3
1768.2,132.6,176.8,58.9
2685.8,201.4,268.6,89.5
2620.5,196.5,262.0,87.3
2641.5,198.1,264.1,88.0
2329.0,174.7,232.9,77.6
2300.4,172.5,230.0,76.7
2151.4,161.4,215.1,71.7
3369.6,252.7,337.0,112.3
2910.9,218.3,291.1,97.0
1844.5,138.3,184.5,61.5
2818.3,211.4,281.8,93.9
3849.4,288.7,384.9,128.3
3626.4,272.0,362.6,120.9
1908.1,143.1,190.8,63.6
3150.5,236.3,315.0,105.0
2532.1,189.9,253.2,84.4
2149.9,161.2,215.0,71.7
2324.9,174.4,232.5,77.5
2974.2,223.1,297.4,99.1
3015.1,226.1,301.5,100.5
2982.5,223.7,298.2,99.4
3777.2,283.3,377.7,125.9
3203.8,240.3,320.4,106.8
2171.3,162.8,217.1,72.4
2819.8,211.5,282.0,94.0
2522.2,189.2,252.2,84.1
1200.0,90.0,120.0,40.0
1862.9,139.7,186.3,62.1
2917.3,218.8,291.7,97.2
2802.3,210.2,280.2,93.4
2241.5,168.1,224.1,74.7
2510.8,188.3,251.1,83.7
2496.6,187.2,249.7,83.2
1932.7,145.0,193.3,64.4
2314.3,173.6,231.4,77.1
2572.9,193.0,257.3,85.8
3265.1,244.9,326.5,108.8
2068.6,155.1,206.9,69.0
2164.3,162.3,216.4,72.1
2484.9,186.4,248.5,82.8
2591.9,194.4,259.2,86.4
1609.2,120.7,160.9,53.6
2859.0,214.4,285.9,95.3
3510.5,263.3,351.1,117.0
1939.2,145.4,193.9,64.6
3422.8,256.7,342.3,114.1
1919.1,143.9,191.9,64.0
2882.4,216.2,288.2,96.1
2886.5,216.5,288.7,96.2
1652.0,123.9,165.2,55.1
2873.8,215.5,287.4,95.8
2337.1,175.3,233.7,77.9
2989.1,224.2,298.9,99.6
3060.9,229.6,306.1,102.0
3748.8,281.2,374.9,125.0
2705.7,202.9,270.6,90.2
1877.7,140.8,187.8,62.6
2408.8,180.7,240.9,80.3
2449.4,183.7,244.9,81.6
3017.7,226.3,301.8,100.6
1200.0,90.0,120.0,40.0
1744.9,130.9,174.5,58.2
2133.6,160.0,213.4,71.1
3551.1,266.3,355.1,118.4
2067.5,155.1,206.7,68.9
2264.6,169.8,226.5,75.5
2462.2,184.7,246.2,82.1
2314.7,173.6,231.5,77.2
2876.1,215.7,287.6,95.9
3487.2,261.5,348.7,116.2
3040.1,228.0,304.0,101.3
1200.0,90.0,120.0,40.0
1863.0,139.7,186.3,62.1
1641.8,123.1,164.2,54.7
2376.8,178.3,237.7,79.2
1200.0,90.0,120.0,40.0
1297.3,97.3,129.7,43.2
2150.2,161.3,215.0,71.7
2423.6,181.8,242.4,80.8
2279.8,171.0,228.0,76.0
2565.1,192.4,256.5,85.5
1728.5,129.6,172.9,57.6
1629.1,122.2,162.9,54.3
2093.5,157.0,209.3,69.8
2879.7,216.0,288.0,96.0
3048.7,228.7,304.9,101.6
2313.4,173.5,231.3,77.1
1386.9,104.0,138.7,46.2
1820.0,136.5,182.0,60.7
2567.7,192.6,256.8,85.6
1337.2,100.3,133.7,44.6
2934.2,220.1,293.4,97.8
2221.8,166.6,222.2,74.1
2873.9,215.5,287.4,95.8
2085.9,156.4,208.6,69.5
3421.9,256.6,342.2,114.1
1750.2,131.3,175.0,58.3
2942.6,220.7,294.3,98.1
1200.0,90.0,120.0,40.0
2167.9,162.6,216.8,72.3
1822.7,136.7,182.3,60.8
2459.0,184.4,245.9,82.0
2416.6,181.2,241.7,80.6
2320.0,174.0,232.0,77.3
2210.7,165.8,221.1,73.7
2360.3,177.0,236.0,78.7
2039.2,152.9,203.9,68.0
2071.8,155.4,207.2,69.1
1908.9,143.2,190.9,63.6
2301.3,172.6,230.1,76.7
1617.8,121.3,161.8,53.9
2854.7,214.1,285.5,95.2
1642.1,123.2,164.2,54.7
3000.8,225.1,300.1,100.0
1791.8,134.4,179.2,59.7
3441.6,258.1,344.2,114.7
3129.4,234.7,312.9,104.3
1947.8,146.1,194.8,64.9
1390.5,104.3,139.0,46.3
2179.2,163.4,217.9,72.6
2764.9,207.4,276.5,92.2
1806.8,135.5,180.7,60.2
3492.5,261.9,349.2,116.4
1290.8,96.8,129.1,43.0
1950.6,146.3,195.1,65.0
3150.9,236.3,315.1,105.0
3547.1,266.0,354.7,118.2
1447.3,108.5,144.7,48.2
2851.0,213.8,285.1,95.0
2980.7,223.6,298.1,99.4
2876.4,215.7,287.6,95.9
2694.8,202.1,269.5,89.8
3671.5,275.4,367.1,122.4
1950.4,146.3,195.0,65.0
2372.2,177.9,237.2,79.1
3284.6,246.3,328.5,109.5
2239.6,168.0,224.0,74.7
2351.1,176.3,235.1,78.4
2367.5,177.6,236.7,78.9
3415.7,256.2,341.6,113.9
1855.3,139.1,185.5,61.8
1430.3,107.3,143.0,47.7
1780.8,133.6,178.1,59.4
2694.2,202.1,269.4,89.8
2214.5,166.1,221.4,73.8
2341.5,175.6,234.2,78.0
3286.3,246.5,328.6,109.5
1983.3,148.7,198.3,66.1
1951.5,146.4,195.1,65.0
2630.7,197.3,263.1,87.7
2762.6,207.2,276.3,92.1
1824.4,136.8,182.4,60.8
2100.9,157.6,210.1,70.0
2138.0,160.3,213.8,71.3
1319.8,99.0,132.0,44.0
1649.8,123.7,165.0,55.0
2957.3,221.8,295.7,98.6
2927.2,219.5,292.7,97.6
2563.8,192.3,256.4,85.5
3349.8,251.2,335.0,111.7
2307.8,173.1,230.8,76.9
2711.5,203.4,271.2,90.4
1467.1,110.0,146.7,48.9
3151.1,236.3,315.1,105.0
2181.6,163.6,218.2,72.7
2109.9,158.2,211.0,70.3
2996.1,224.7,299.6,99.9
3170.9,237.8,317.1,105.7
1852.0,138.9,185.2,61.7
3322.4,249.2,332.2,110.7
3114.1,233.6,311.4,103.8
1709.9,128.2,171.0,57.0
1832.1,137.4,183.2,61.1
3472.2,260.4,347.2,115.7
4101.4,307.6,410.1,136.7
2413.6,181.0,241.4,80.5
2493.1,187.0,249.3,83.1
2510.5,188.3,251.1,83.7
2245.3,168.4,224.5,74.8
2675.5,200.7,267.5,89.2
1971.3,147.8,197.1,65.7
2698.2,202.4,269.8,89.9
3078.0,230.9,307.8,102.6
2306.9,173.0,230.7,76.9
2353.8,176.5,235.4,78.5
2059.9,154.5,206.0,68.7
1927.0,144.5,192.7,64.2
3111.3,233.3,311.1,103.7
2885.0,216.4,288.5,96.2
1255.6,94.2,125.6,41.9
2032.8,152.5,203.3,67.8
1410.5,105.8,141.1,47.0
2503.8,187.8,250.4,83.5
3702.9,277.7,370.3,123.4
2744.5,205.8,274.4,91.5
1553.2,116.5,155.3,51.8
2423.6,181.8,242.4,80.8
2286.5,171.5,228.7,76.2
3647.8,273.6,364.8,121.6
2155.9,161.7,215.6,71.9
3411.2,255.8,341.1,113.7
1615.3,121.1,161.5,53.8
2125.8,159.4,212.6,70.9
1612.8,121.0,161.3,53.8
1456.3,109.2,145.6,48.5
1200.0,90.0,120.0,40.0
2656.3,199.2,265.6,88.5
2795.3,209.6,279.5,93.2
3127.9,234.6,312.8,104.3
1618.9,121.4,161.9,54.0
3757.2,281.8,375.7,125.2
1675.1,125.6,167.5,55.8
1795.2,134.6,179.5,59.8
2258.5,169.4,225.8,75.3
2102.5,157.7,210.3,70.1
3524.0,264.3,352.4,117.5
1982.8,148.7,198.3,66.1
3415.7,256.2,341.6,113.9
1922.8,144.2,192.3,64.1
2788.6,209.1,278.9,93.0
1255.5,94.2,125.5,41.8
2543.8,190.8,254.4,84.8
2201.9,165.1,220.2,73.4
2346.7,176.0,234.7,78.2
1998.6,149.9,199.9,66.6
1817.4,136.3,181.7,60.6
3365.2,252.4,336.5,112.2
2234.8,167.6,223.5,74.5
1758.8,131.9,175.9,58.6
2161.1,162.1,216.1,72.0
1973.6,148.0,197.4,65.8
2786.1,209.0,278.6,92.9
2248.5,168.6,224.8,74.9
2124.6,159.3,212.5,70.8
3248.4,243.6,324.8,108.3
2282.6,171.2,228.3,76.1
3295.4,247.2,329.5,109.8
3481.0,261.1,348.1,116.0
1837.8,137.8,183.8,61.3
2542.9,190.7,254.3,84.8
1844.2,138.3,184.4,61.5
1200.0,90.0,120.0,40.0
2392.0,179.4,239.2,79.7
1982.5,148.7,198.3,66.1
2242.9,168.2,224.3,74.8
2024.1,151.8,202.4,67.5
2882.9,216.2,288.3,96.1
2372.3,177.9,237.2,79.1
3685.8,276.4,368.6,122.9
2458.0,184.3,245.8,81.9
2289.2,171.7,228.9,76.3
1501.2,112.6,150.1,50.0
3164.0,237.3,316.4,105.5
3151.0,236.3,315.1,105.0
2720.8,204.1,272.1,90.7
1913.7,143.5,191.4,63.8
2438.6,182.9,243.9,81.3
2747.2,206.0,274.7,91.6
1830.8,137.3,183.1,61.0
4263.9,319.8,426.4,142.1
2914.8,218.6,291.5,97.2
2543.1,190.7,254.3,84.8
3132.8,235.0,313.3,104.4
1766.9,132.5,176.7,58.9
2030.6,152.3,203.1,67.7
1924.8,144.4,192.5,64.2
3096.8,232.3,309.7,103.2
3116.2,233.7,311.6,103.9
2863.7,214.8,286.4,95.5
3406.5,255.5,340.7,113.6
2203.2,165.2,220.3,73.4
2558.0,191.8,255.8,85.3
1744.6,130.8,174.5,58.2
2433.6,182.5,243.4,81.1
2749.5,206.2,274.9,91.6
3120.3,234.0,312.0,104.0
2472.4,185.4,247.2,82.4
3315.7,248.7,331.6,110.5
1776.8,133.3,177.7,59.2
2735.0,205.1,273.5,91.2
2082.1,156.2,208.2,69.4
3008.2,225.6,300.8,100.3
2076.6,155.7,207.7,69.2
3114.3,233.6,311.4,103.8
1889.5,141.7,189.0,63.0
2427.1,182.0,242.7,80.9
2247.3,168.5,224.7,74.9
3206.7,240.5,320.7,106.9
1980.6,148.5,198.1,66.0
3551.5,266.4,355.2,118.4
2632.4,197.4,263.2,87.7
1573.3,118.0,157.3,52.4
3455.8,259.2,345.6,115.2
1292.2,96.9,129.2,43.1
2593.1,194.5,259.3,86.4
3702.1,277.7,370.2,123.4
2934.5,220.1,293.5,97.8
4257.9,319.3,425.8,141.9
3481.3,261.1,348.1,116.0
2222.9,166.7,222.3,74.1
1424.7,106.8,142.5,47.5
2326.3,174.5,232.6,77.5
2317.5,173.8,231.8,77.3
2509.8,188.2,251.0,83.7
3321.7,249.1,332.2,110.7
2331.1,174.8,233.1,77.7
2834.6,212.6,283.5,94.5
3040.6,228.0,304.1,101.4
3446.6,258.5,344.7,114.9
2327.0,174.5,232.7,77.6
2278.9,170.9,227.9,76.0
3919.8,294.0,392.0,130.7
4015.7,301.2,401.6,133.9
1780.5,133.5,178.0,59.3
2359.0,176.9,235.9,78.6
3775.3,283.2,377.5,125.8
3299.3,247.4,329.9,110.0
2898.7,217.4,289.9,96.6
2622.0,196.7,262.2,87.4
2921.8,219.1,292.2,97.4
2114.7,158.6,211.5,70.5
1200.0,90.0,120.0,40.0
1493.1,112.0,149.3,49.8
3862.2,289.7,386.2,128.7
2437.9,182.8,243.8,81.3
2309.9,173.2,231.0,77.0
2556.1,191.7,255.6,85.2
1536.7,115.3,153.7,51.2
1624.3,121.8,162.4,54.1
2453.0,184.0,245.3,81.8
3058.4,229.4,305.8,101.9
2837.5,212.8,283.8,94.6
3255.1,244.1,325.5,108.5
2368.3,177.6,236.8,78.9
2874.3,215.6,287.4,95.8
2881.8,216.1,288.2,96.1
2190.8,164.3,219.1,73.0
1747.3,131.0,174.7,58.2
1988.0,149.1,198.8,66.3
2257.8,169.3,225.8,75.3
1868.8,140.2,186.9,62.3
2464.9,184.9,246.5,82.2
3056.0,229.2,305.6,101.9
1739.1,130.4,173.9,58.0
2189.0,164.2,218.9,73.0
2731.6,204.9,273.2,91.1
3058.9,229.4,305.9,102.0
3114.7,233.6,311.5,103.8
2574.2,193.1,257.4,85.8
2309.7,173.2,231.0,77.0
2471.8,185.4,247.2,82.4
2836.1,212.7,283.6,94.5
2460.6,184.5,246.1,82.0
2938.1,220.4,293.8,97.9
1529.4,114.7,152.9,51.0
2934.6,220.1,293.5,97.8
1888.0,141.6,188.8,62.9
1497.1,112.3,149.7,49.9
3024.2,226.8,302.4,100.8
3104.4,232.8,310.4,103.5
3202.0,240.2,320.2,106.7
2620.3,196.5,262.0,87.3
2514.9,188.6,251.5,83.8
1265.5,94.9,126.6,42.2
1566.5,117.5,156.7,52.2
3379.2,253.4,337.9,112.6
2059.0,154.4,205.9,68.6
1200.0,90.0,120.0,40.0
2282.5,171.2,228.2,76.1
2148.8,161.2,214.9,71.6
3306.2,248.0,330.6,110.2
2682.7,201.2,268.3,89.4
1200.0,90.0,120.0,40.0
2388.9,179.2,238.9,79.6
2602.1,195.2,260.2,86.7
3107.4,233.1,310.7,103.6
1338.9,100.4,133.9,44.6
2208.8,165.7,220.9,73.6
2376.0,178.2,237.6,79.2
2423.7,181.8,242.4,80.8
1868.0,140.1,186.8,62.3
2425.5,181.9,242.6,80.9
1758.7,131.9,175.9,58.6
1994.7,149.6,199.5,66.5
2903.6,217.8,290.4,96.8
3274.7,245.6,327.5,109.2
2828.8,212.2,282.9,94.3
2852.7,213.9,285.3,95.1
3107.5,233.1,310.7,103.6
2215.5,166.2,221.5,73.8
2587.7,194.1,258.8,86.3
1826.3,137.0,182.6,60.9
2957.5,221.8,295.8,98.6
1224.2,91.8,122.4,40.8
2919.2,218.9,291.9,97.3
2157.9,161.8,215.8,71.9
1618.8,121.4,161.9,54.0
2152.6,161.4,215.3,71.8
1589.9,119.2,159.0,53.0
3252.8,244.0,325.3,108.4
1794.1,134.6,179.4,59.8
1958.1,146.9,195.8,65.3
1572.8,118.0,157.3,52.4
2907.2,218.0,290.7,96.9
1942.4,145.7,194.2,64.7
1920.9,144.1,192.1,64.0
2398.1,179.9,239.8,79.9
3222.9,241.7,322.3,107.4
3112.7,233.5,311.3,103.8
3057.8,229.3,305.8,101.9
3646.9,273.5,364.7,121.6
2372.6,177.9,237.3,79.1
1951.1,146.3,195.1,65.0
2203.5,165.3,220.3,73.4
2299.7,172.5,230.0,76.7
2478.6,185.9,247.9,82.6
2623.7,196.8,262.4,87.5
3187.2,239.0,318.7,106.2
1967.1,147.5,196.7,65.6
2380.0,178.5,238.0,79.3
2025.1,151.9,202.5,67.5
1804.5,135.3,180.5,60.2
2583.7,193.8,258.4,86.1
2268.9,170.2,226.9,75.6
2825.3,211.9,282.5,94.2
2422.5,181.7,242.3,80.8
2280.1,171.0,228.0,76.0
1578.4,118.4,157.8,52.6
1714.3,128.6,171.4,57.1
1821.6,136.6,182.2,60.7
2243.7,168.3,224.4,74.8
1903.1,142.7,190.3,63.4
2780.8,208.6,278.1,92.7
2399.2,179.9,239.9,80.0
1351.1,101.3,135.1,45.0
1322.2,99.2,132.2,44.1
1771.5,132.9,177.1,59.0
2073.0,155.5,207.3,69.1
1764.0,132.3,176.4,58.8
2302.2,172.7,230.2,76.7
2827.1,212.0,282.7,94.2
2867.2,215.0,286.7,95.6
3025.5,226.9,302.6,100.9
1638.8,122.9,163.9,54.6
2849.6,213.7,285.0,95.0
1739.9,130.5,174.0,58.0
2129.7,159.7,213.0,71.0
1418.7,106.4,141.9,47.3
3476.8,260.8,347.7,115.9
2516.2,188.7,251.6,83.9
2605.0,195.4,260.5,86.8
3172.0,237.9,317.2,105.7
1200.0,90.0,120.0,40.0
3223.5,241.8,322.4,107.5
1581.5,118.6,158.1,52.7
1811.8,135.9,181.2,60.4
2531.4,189.9,253.1,84.4
1387.9,104.1,138.8,46.3
1749.2,131.2,174.9,58.3
1429.1,107.2,142.9,47.6
1623.9,121.8,162.4,54.1
3179.9,238.5,318.0,106.0
2413.5,181.0,241.4,80.5
1498.3,112.4,149.8,49.9
2732.7,204.9,273.3,91.1
1301.6,97.6,130.2,43.4
2052.5,153.9,205.3,68.4
2247.4,168.6,224.7,74.9
3306.0,247.9,330.6,110.2
1797.1,134.8,179.7,59.9
2179.7,163.5,218.0,72.7
2001.5,150.1,200.2,66.7
1863.1,139.7,186.3,62.1
2796.6,209.7,279.7,93.2
2700.8,202.6,270.1,90.0
2906.1,218.0,290.6,96.9
1542.2,115.7,154.2,51.4
2082.5,156.2,208.2,69.4
2601.3,195.1,260.1,86.7
1979.7,148.5,198.0,66.0
2832.2,212.4,283.2,94.4
2460.0,184.5,246.0,82.0
2621.2,196.6,262.1,87.4
2099.3,157.4,209.9,70.0
3240.2,243.0,324.0,108.0
2683.0,201.2,268.3,89.4
2830.8,212.3,283.1,94.4
1685.2,126.4,168.5,56.2
1572.4,117.9,157.2,52.4
2599.6,195.0,260.0,86.7
3297.9,247.3,329.8,109.9
2517.8,188.8,251.8,83.9
1565.8,117.4,156.6,52.2
1777.0,133.3,177.7,59.2
2536.2,190.2,253.6,84.5
2201.2,165.1,220.1,73.4
2411.2,180.8,241.1,80.4
2350.4,176.3,235.0,78.3
1891.1,141.8,189.1,63.0
2563.3,192.3,256.3,85.4
2005.3,150.4,200.5,66.8
1863.6,139.8,186.4,62.1
3188.2,239.1,318.8,106.3
2441.9,183.1,244.2,81.4
2199.5,165.0,219.9,73.3
1466.4,110.0,146.6,48.9
1733.0,130.0,173.3,57.8
2731.4,204.9,273.1,91.0
4040.2,303.0,404.0,134.7
2495.3,187.1,249.5,83.2
2327.4,174.6,232.7,77.6
3347.2,251.0,334.7,111.6
1666.2,125.0,166.6,55.5
1709.2,128.2,170.9,57.0
2008.1,150.6,200.8,66.9
2503.2,187.7,250.3,83.4
1893.3,142.0,189.3,63.1
1289.5,96.7,129.0,43.0
2553.0,191.5,255.3,85.1
2850.7,213.8,285.1,95.0
1647.9,123.6,164.8,54.9
2605.3,195.4,260.5,86.8
3443.8,258.3,344.4,114.8
2429.5,182.2,242.9,81.0
2365.2,177.4,236.5,78.8
2189.7,164.2,219.0,73.0
1473.7,110.5,147.4,49.1
2439.8,183.0,244.0,81.3
1691.3,126.8,169.1,56.4
2621.2,196.6,262.1,87.4
1385.8,103.9,138.6,46.2
1525.6,114.4,152.6,50.9
2664.5,199.8,266.4,88.8
2811.8,210.9,281.2,93.7
2540.0,190.5,254.0,84.7
2621.1,196.6,262.1,87.4
1478.1,110.9,147.8,49.3
2207.8,165.6,220.8,73.6
2175.9,163.2,217.6,72.5
2227.8,167.1,222.8,74.3
2402.6,180.2,240.3,80.1
3237.0,242.8,323.7,107.9
2206.3,165.5,220.6,73.5
1757.4,131.8,175.7,58.6
1936.0,145.2,193.6,64.5
2117.3,158.8,211.7,70.6
2059.6,154.5,206.0,68.7
1472.6,110.4,147.3,49.1
2624.8,196.9,262.5,87.5
3205.1,240.4,320.5,106.8
3703.8,277.8,370.4,123.5
2068.5,155.1,206.9,69.0
2426.9,182.0,242.7,80.9
2946.6,221.0,294.7,98.2
3678.7,275.9,367.9,122.6
1200.0,90.0,120.0,40.0
2709.1,203.2,270.9,90.3
1603.6,120.3,160.4,53.5
1568.9,117.7,156.9,52.3
1248.7,93.6,124.9,41.6
1674.0,125.5,167.4,55.8
2657.4,199.3,265.7,88.6
1750.6,131.3,175.1,58.4
2159.8,162.0,216.0,72.0
2046.8,153.5,204.7,68.2
2857.3,214.3,285.7,95.2
3300.6,247.5,330.1,110.0
2655.2,199.1,265.5,88.5
2653.3,199.0,265.3,88.4
2459.2,184.4,245.9,82.0
2231.4,167.4,223.1,74.4
3174.9,238.1,317.5,105.8
2184.7,163.9,218.5,72.8
3031.1,227.3,303.1,101.0
2235.8,167.7,223.6,74.5
2107.5,158.1,210.8,70.2
1823.4,136.8,182.3,60.8
2557.4,191.8,255.7,85.2
1554.3,116.6,155.4,51.8
3179.3,238.5,317.9,106.0
2465.7,184.9,246.6,82.2
1816.0,136.2,181.6,60.5
1510.2,113.3,151.0,50.3
1934.5,145.1,193.5,64.5
2232.4,167.4,223.2,74.4
2685.9,201.4,268.6,89.5
3304.5,247.8,330.5,110.2
2023.7,151.8,202.4,67.5
2548.8,191.2,254.9,85.0
3164.2,237.3,316.4,105.5
3579.8,268.5,358.0,119.3
2486.1,186.5,248.6,82.9
2223.2,166.7,222.3,74.1
2122.3,159.2,212.2,70.7
2047.4,153.6,204.7,68.2
1815.0,136.1,181.5,60.5
1893.6,142.0,189.4,63.1
2589.0,194.2,258.9,86.3
3381.7,253.6,338.2,112.7
2208.4,165.6,220.8,73.6
2951.5,221.4,295.1,98.4
2525.3,189.4,252.5,84.2
2930.1,219.8,293.0,97.7
1769.1,132.7,176.9,59.0
1200.0,90.0,120.0,40.0
2126.7,159.5,212.7,70.9
3168.5,237.6,316.9,105.6
3633.8,272.5,363.4,121.1
1915.2,143.6,191.5,63.8
1912.8,143.5,191.3,63.8
3110.3,233.3,311.0,103.7
1717.8,128.8,171.8,57.3
2007.0,150.5,200.7,66.9
2286.1,171.5,228.6,76.2
3028.1,227.1,302.8,100.9
1890.7,141.8,189.1,63.0
3725.4,279.4,372.5,124.2
1456.3,109.2,145.6,48.5
2016.6,151.2,201.7,67.2
2677.2,200.8,267.7,89.2
2990.2,224.3,299.0,99.7
3997.1,299.8,399.7,133.2
3687.2,276.5,368.7,122.9
2706.0,202.9,270.6,90.2
2202.2,165.2,220.2,73.4
3051.9,228.9,305.2,101.7
2180.2,163.5,218.0,72.7
2678.3,200.9,267.8,89.3
2421.1,181.6,242.1,80.7
1200.0,90.0,120.0,40.0
2073.5,155.5,207.3,69.1
2876.5,215.7,287.7,95.9
3194.2,239.6,319.4,106.5
3041.2,228.1,304.1,101.4
2913.8,218.5,291.4,97.1
3049.3,228.7,304.9,101.6
2832.9,212.5,283.3,94.4
1692.3,126.9,169.2,56.4
2301.0,172.6,230.1,76.7
2949.4,221.2,294.9,98.3
3772.4,282.9,377.2,125.7
2534.9,190.1,253.5,84.5
2153.2,161.5,215.3,71.8
2363.7,177.3,236.4,78.8
3054.3,229.1,305.4,101.8
3122.5,234.2,312.2,104.1
1290.2,96.8,129.0,43.0
4005.0,300.4,400.5,133.5
2463.1,184.7,246.3,82.1
2447.8,183.6,244.8,81.6
3418.4,256.4,341.8,113.9
3692.4,276.9,369.2,123.1
3551.6,266.4,355.2,118.4
2634.1,197.6,263.4,87.8
1964.7,147.3,196.5,65.5
2385.6,178.9,238.6,79.5
1312.1,98.4,131.2,43.7
1498.6,112.4,149.9,50.0
2317.1,173.8,231.7,77.2
2217.4,166.3,221.7,73.9
2747.8,206.1,274.8,91.6
2857.7,214.3,285.8,95.3
2406.1,180.5,240.6,80.2
1641.2,123.1,164.1,54.7
2078.4,155.9,207.8,69.3
1429.3,107.2,142.9,47.6
2752.1,206.4,275.2,91.7
2004.2,150.3,200.4,66.8
1820.7,136.6,182.1,60.7
1955.2,146.6,195.5,65.2
2622.5,196.7,262.3,87.4
3088.6,231.6,308.9,103.0
1686.6,126.5,168.7,56.2
2107.2,158.0,210.7,70.2
3287.9,246.6,328.8,109.6
2330.8,174.8,233.1,77.7
2632.1,197.4,263.2,87.7
2584.5,193.8,258.5,86.2
2129.5,159.7,213.0,71.0
3001.3,225.1,300.1,100.0
3434.9,257.6,343.5,114.5
2363.1,177.2,236.3,78.8
1351.1,101.3,135.1,45.0
1698.5,127.4,169.9,56.6
3493.0,262.0,349.3,116.4
1480.9,111.1,148.1,49.4
2803.6,210.3,280.4,93.5
3654.9,274.1,365.5,121.8
2994.6,224.6,299.5,99.8
1423.6,106.8,142.4,47.5
1825.6,136.9,182.6,60.9
1407.5,105.6,140.8,46.9
3207.9,240.6,320.8,106.9
2714.1,203.6,271.4,90.5
1600.4,120.0,160.0,53.3
3454.5,259.1,345.5,115.2
1882.3,141.2,188.2,62.7
1200.0,90.0,120.0,40.0
2978.5,223.4,297.8,99.3
2580.5,193.5,258.1,86.0
3668.7,275.2,366.9,122.3
2344.1,175.8,234.4,78.1
3566.3,267.5,356.6,118.9
2542.8,190.7,254.3,84.8
3225.5,241.9,322.6,107.5
1602.0,120.1,160.2,53.4
1781.1,133.6,178.1,59.4
3764.9,282.4,376.5,125.5
1752.1,131.4,175.2,58.4
2716.0,203.7,271.6,90.5
2537.7,190.3,253.8,84.6
2108.3,158.1,210.8,70.3
2566.3,192.5,256.6,85.5
2364.9,177.4,236.5,78.8
3333.6,250.0,333.4,111.1
2214.8,166.1,221.5,73.8
3212.2,240.9,321.2,107.1
2939.7,220.5,294.0,98.0
2332.0,174.9,233.2,77.7
3066.6,230.0,306.7,102.2
2432.9,182.5,243.3,81.1
2600.0,195.0,260.0,86.7
2671.1,200.3,267.1,89.0
2308.6,173.1,230.9,77.0
2129.9,159.7,213.0,71.0
2296.1,172.2,229.6,76.5
2090.4,156.8,209.0,69.7
3177.8,238.3,317.8,105.9
2050.1,153.8,205.0,68.3
2552.0,191.4,255.2,85.1
2312.1,173.4,231.2,77.1
2766.5,207.5,276.7,92.2
2637.7,197.8,263.8,87.9
3044.8,228.4,304.5,101.5
3184.4,238.8,318.4,106.1
2416.8,181.3,241.7,80.6
3242.6,243.2,324.3,108.1
3209.7,240.7,321.0,107.0
2963.3,222.3,296.3,98.8
4114.7,308.6,411.5,137.2
1878.0,140.8,187.8,62.6
2706.3,203.0,270.6,90.2
2600.5,195.0,260.1,86.7
2053.4,154.0,205.3,68.4
2345.2,175.9,234.5,78.2
2541.4,190.6,254.1,84.7
2289.8,171.7,229.0,76.3
3075.7,230.7,307.6,102.5
2581.4,193.6,258.1,86.0
2721.9,204.1,272.2,90.7
3409.3,255.7,340.9,113.6
2449.7,183.7,245.0,81.7
2232.3,167.4,223.2,74.4
3385.6,253.9,338.6,112.9
2008.2,150.6,200.8,66.9
1776.1,133.2,177.6,59.2
2522.4,189.2,252.2,84.1
2099.1,157.4,209.9,70.0
1842.8,138.2,184.3,61.4
3240.4,243.0,324.0,108.0
3424.4,256.8,342.4,114.1
3043.9,228.3,304.4,101.5
2394.8,179.6,239.5,79.8
2141.4,160.6,214.1,71.4
2157.8,161.8,215.8,71.9
1904.7,142.8,190.5,63.5
2493.7,187.0,249.4,83.1
2463.1,184.7,246.3,82.1
1408.8,105.7,140.9,47.0
1734.8,130.1,173.5,57.8
2425.2,181.9,242.5,80.8
1922.2,144.2,192.2,64.1
2639.5,198.0,263.9,88.0
2192.5,164.4,219.3,73.1
2983.9,223.8,298.4,99.5
2903.5,217.8,290.4,96.8
2112.4,158.4,211.2,70.4
2023.0,151.7,202.3,67.4
2306.8,173.0,230.7,76.9
2997.0,224.8,299.7,99.9
2435.9,182.7,243.6,81.2
2875.3,215.7,287.5,95.8
2852.1,213.9,285.2,95.1
2059.2,154.4,205.9,68.6
2309.2,173.2,230.9,77.0
1736.6,130.2,173.7,57.9
1635.7,122.7,163.6,54.5
3724.2,279.3,372.4,124.1
2142.1,160.7,214.2,71.4
2636.6,197.7,263.7,87.9
2099.2,157.4,209.9,70.0
3294.3,247.1,329.4,109.8
2696.9,202.3,269.7,89.9
2849.0,213.7,284.9,95.0
2253.4,169.0,225.3,75.1
2353.6,176.5,235.4,78.5
3047.8,228.6,304.8,101.6
1835.6,137.7,183.6,61.2
3198.5,239.9,319.8,106.6
2934.3,220.1,293.4,97.8
3009.3,225.7,300.9,100.3
3005.5,225.4,300.6,100.2
2773.3,208.0,277.3,92.4
2125.6,159.4,212.6,70.9
2498.2,187.4,249.8,83.3
2516.1,188.7,251.6,83.9
2839.2,212.9,283.9,94.6
2875.2,215.6,287.5,95.8
2581.8,193.6,258.2,86.1
2495.3,187.2,249.5,83.2
1200.0,90.0,120.0,40.0
2939.4,220.5,293.9,98.0
2970.2,222.8,297.0,99.0
1716.9,128.8,171.7,57.2
2433.1,182.5,243.3,81.1
2123.4,159.3,212.3,70.8
2031.0,152.3,203.1,67.7
1630.0,122.3,163.0,54.3
1417.5,106.3,141.8,47.3
2850.9,213.8,285.1,95.0
1679.2,125.9,167.9,56.0
3404.6,255.3,340.5,113.5
2385.1,178.9,238.5,79.5
2592.6,194.4,259.3,86.4
2219.1,166.4,221.9,74.0
1237.3,92.8,123.7,41.2
3723.6,279.3,372.4,124.1
3627.1,272.0,362.7,120.9
1756.2,131.7,175.6,58.5
2133.0,160.0,213.3,71.1
2592.6,194.4,259.3,86.4
2169.6,162.7,217.0,72.3
1787.8,134.1,178.8,59.6
3126.4,234.5,312.6,104.2
1634.0,122.6,163.4,54.5
3105.7,232.9,310.6,103.5
1258.6,94.4,125.9,42.0
2850.0,213.8,285.0,95.0
